team,conference,positionGroup,averageRating,totalRating,commits,averageStars
Air Force,Mountain West,Defensive Back,0.783886963906495,18.0294,23,2.3478260869565215
Air Force,Mountain West,Defensive Line,0.774967654662974,26.3489,34,2.2058823529411766
Air Force,Mountain West,Linebacker,0.764200006660662,29.0396,38,2.1315789473684212
Air Force,Mountain West,Offensive Line,0.767723541049396,26.1026,34,2.0588235294117645
Air Force,Mountain West,Quarterback,0.781006666024526,11.7151,15,2.2
Air Force,Mountain West,Receiver,0.778506260365248,24.9122,32,2.21875
Air Force,Mountain West,Running Back,0.780266667405764,9.3632,12,2.0833333333333335
Air Force,Mountain West,Special Teams,0.768063653599132,8.4487,11,2
Akron,Mid-American,Defensive Back,0.777693752199411,12.4431,16,2.1875
Akron,Mid-American,Defensive Line,0.778818184679205,8.567,11,2.1818181818181817
Akron,Mid-American,Linebacker,0.77700001001358,3.885,5,2.2
Akron,Mid-American,Offensive Line,0.77890000740687,11.6835,15,2.1333333333333333
Akron,Mid-American,Quarterback,0.809366683165232,2.4281,3,2.6666666666666665
Akron,Mid-American,Receiver,0.77549333969752,11.6324,15,2.066666666666667
Akron,Mid-American,Running Back,0.793637499213219,6.3491,8,2.375
Akron,Mid-American,Special Teams,0.763300001621246,3.8165,5,2
Alabama,SEC,Defensive Back,0.948842866080148,19.9257,21,4
Alabama,SEC,Defensive Line,0.954346154744808,24.813,26,4.153846153846154
Alabama,SEC,Linebacker,0.93422857778413,13.0792,14,4
Alabama,SEC,Offensive Line,0.939495000243187,18.7899,20,4.05
Alabama,SEC,Quarterback,0.894487500190735,7.1559,8,3.75
Alabama,SEC,Receiver,0.927263156363839,17.618,19,3.8421052631578947
Alabama,SEC,Running Back,0.926545451987873,10.192,11,4
Alabama,SEC,Special Teams,0.868637509644032,6.9491,8,3.25
Appalachian State,Sun Belt,Defensive Back,0.793304540894248,17.4527,22,2.409090909090909
Appalachian State,Sun Belt,Defensive Line,0.787600007924167,8.6636,11,2.3636363636363638
Appalachian State,Sun Belt,Linebacker,0.793320004145304,11.8998,15,2.4
Appalachian State,Sun Belt,Offensive Line,0.785783337222205,14.1441,18,2.388888888888889
Appalachian State,Sun Belt,Quarterback,0.813228573117937,5.6926,7,2.5714285714285716
Appalachian State,Sun Belt,Receiver,0.804558341701825,9.6547,12,2.5833333333333335
Appalachian State,Sun Belt,Running Back,0.775166670481364,4.651,6,2.3333333333333335
Appalachian State,Sun Belt,Special Teams,0.790872730992057,8.6996,11,2.3636363636363638
Arizona,Pac-12,Defensive Back,0.843787996768951,21.0947,25,2.96
Arizona,Pac-12,Defensive Line,0.839183330535889,10.0702,12,2.9166666666666665
Arizona,Pac-12,Linebacker,0.843874990940094,6.751,8,3
Arizona,Pac-12,Offensive Line,0.857266664505005,10.2872,12,3.1666666666666665
Arizona,Pac-12,Quarterback,0.837933331727982,5.0276,6,2.8333333333333335
Arizona,Pac-12,Receiver,0.844647056916181,14.359,17,3
Arizona,Pac-12,Running Back,0.841275006532669,6.7302,8,3
Arizona,Pac-12,Special Teams,0.84676363251426,9.3144,11,3
Arizona State,Pac-12,Defensive Back,0.871335715055466,12.1987,14,3.2142857142857144
Arizona State,Pac-12,Defensive Line,0.868550002574921,10.4226,12,3.1666666666666665
Arizona State,Pac-12,Linebacker,0.855963636528362,9.4156,11,3.090909090909091
Arizona State,Pac-12,Offensive Line,0.854979991912842,12.8247,15,3.066666666666667
Arizona State,Pac-12,Quarterback,0.896437503397465,7.1715,8,3.5
Arizona State,Pac-12,Receiver,0.859143756330013,13.7463,16,3.0625
Arizona State,Pac-12,Running Back,0.862687505781651,6.9015,8,3.125
Arizona State,Pac-12,Special Teams,0.880989998579025,8.8099,10,3.4
Arkansas,SEC,Defensive Back,0.86169565760571,19.819,23,3.217391304347826
Arkansas,SEC,Defensive Line,0.881431815299121,19.3915,22,3.3636363636363638
Arkansas,SEC,Linebacker,0.847207146031516,11.8609,14,3.0714285714285716
Arkansas,SEC,Offensive Line,0.847984213578074,16.1117,19,3
Arkansas,SEC,Quarterback,0.866271427699498,6.0639,7,3.4285714285714284
Arkansas,SEC,Receiver,0.880747055306154,14.9727,17,3.3529411764705883
Arkansas,SEC,Running Back,0.885239994525909,4.4262,5,3.2
Arkansas,SEC,Special Teams,0.858899998664856,8.589,10,3.2
Arkansas State,Sun Belt,Defensive Back,0.797668758779764,12.7627,16,2.5
Arkansas State,Sun Belt,Defensive Line,0.807442852428981,5.6521,7,2.7142857142857144
Arkansas State,Sun Belt,Linebacker,0.792199993133545,3.961,5,2.2
Arkansas State,Sun Belt,Offensive Line,0.793200006851783,10.3116,13,2.3076923076923075
Arkansas State,Sun Belt,Quarterback,0.796200002942766,5.5734,7,2.5714285714285716
Arkansas State,Sun Belt,Receiver,0.803063641894947,8.8337,11,2.6363636363636362
Arkansas State,Sun Belt,Running Back,0.806866665681203,9.6824,12,2.6666666666666665
Arkansas State,Sun Belt,Special Teams,0.80958000421524,4.0479,5,2.4
Army,FBS Independents,Defensive Back,0.773778588998885,32.4987,42,2.0952380952380953
Army,FBS Independents,Defensive Line,0.777911919923056,32.6723,42,2.142857142857143
Army,FBS Independents,Linebacker,0.77662001185947,34.9479,45,2.2222222222222223
Army,FBS Independents,Offensive Line,0.767000012397766,19.175,25,1.96
Army,FBS Independents,Quarterback,0.770550006628037,7.7055,10,2.1
Army,FBS Independents,Receiver,0.777808350821336,18.6674,24,2.125
Army,FBS Independents,Running Back,0.775750014930964,12.412,16,2.1875
Army,FBS Independents,Special Teams,0.76807201385498,19.2018,25,2.12
Auburn,SEC,Defensive Back,0.882287494838238,14.1166,16,3.4375
Auburn,SEC,Defensive Line,0.922759994864464,18.4552,20,3.8
Auburn,SEC,Linebacker,0.901794443527857,16.2323,18,3.7222222222222223
Auburn,SEC,Offensive Line,0.903257140091487,12.6456,14,3.5714285714285716
Auburn,SEC,Quarterback,0.928433338801066,2.7853,3,4
Auburn,SEC,Receiver,0.902472221189075,16.2445,18,3.555555555555556
Auburn,SEC,Running Back,0.904559993743897,9.0456,10,3.9
Auburn,SEC,Special Teams,0.890579998493195,17.8116,20,3.55
Ball State,Mid-American,Defensive Back,0.785526310142718,14.925,19,2.3157894736842106
Ball State,Mid-American,Defensive Line,0.789642856234596,16.5825,21,2.380952380952381
Ball State,Mid-American,Linebacker,0.792990005016327,7.9299,10,2.5
Ball State,Mid-American,Offensive Line,0.785564706606023,13.3546,17,2.235294117647059
Ball State,Mid-American,Quarterback,0.81152001619339,4.0576,5,2.8
Ball State,Mid-American,Receiver,0.792035004496574,15.8407,20,2.35
Ball State,Mid-American,Running Back,0.799200010299683,3.996,5,2.4
Ball State,Mid-American,Special Teams,0.793100007942745,5.5517,7,2.5714285714285716
Baylor,Big 12,Defensive Back,0.855137504637241,13.6822,16,3
Baylor,Big 12,Defensive Line,0.842282358337851,14.3188,17,2.9411764705882355
Baylor,Big 12,Linebacker,0.842320001125336,8.4232,10,2.9
Baylor,Big 12,Offensive Line,0.844887498766184,13.5182,16,3
Baylor,Big 12,Quarterback,0.887233336766561,5.3234,6,3.3333333333333335
Baylor,Big 12,Receiver,0.875673686203204,16.6378,19,3.210526315789474
Baylor,Big 12,Running Back,0.873160004615784,4.3658,5,3.4
Baylor,Big 12,Special Teams,0.853286667664846,12.7993,15,3.066666666666667
Boise State,Mountain West,Defensive Back,0.832309997081757,16.6462,20,3
Boise State,Mountain West,Defensive Line,0.825268749147654,13.2043,16,2.9375
Boise State,Mountain West,Linebacker,0.824671430247171,11.5454,14,2.857142857142857
Boise State,Mountain West,Offensive Line,0.819046158056993,10.6476,13,2.923076923076923
Boise State,Mountain West,Quarterback,0.859514287539891,6.0166,7,3.2857142857142856
Boise State,Mountain West,Receiver,0.84901176480686,14.4332,17,3
Boise State,Mountain West,Running Back,0.851183325052261,5.1071,6,3
Boise State,Mountain West,Special Teams,0.837041666110357,10.0445,12,2.9166666666666665
Boston College,ACC,Defensive Back,0.831607694809253,10.8109,13,2.8461538461538463
Boston College,ACC,Defensive Line,0.832606669267019,12.4891,15,2.933333333333333
Boston College,ACC,Linebacker,0.838666662573814,10.064,12,2.9166666666666665
Boston College,ACC,Offensive Line,0.837277779976527,15.071,18,2.944444444444444
Boston College,ACC,Quarterback,0.836800001561642,6.6944,8,2.875
Boston College,ACC,Receiver,0.834768417634462,15.8606,19,3
Boston College,ACC,Running Back,0.837950001160304,5.0277,6,3
Boston College,ACC,Special Teams,0.82307999531428,12.3462,15,2.7333333333333334
Bowling Green,Mid-American,Defensive Back,0.788841180941638,13.4103,17,2.3529411764705883
Bowling Green,Mid-American,Defensive Line,0.80097143139158,11.2136,14,2.642857142857143
Bowling Green,Mid-American,Linebacker,0.801326668262482,12.0199,15,2.4
Bowling Green,Mid-American,Offensive Line,0.784753342469533,11.7713,15,2.2666666666666666
Bowling Green,Mid-American,Quarterback,0.819280004501343,4.0964,5,2.8
Bowling Green,Mid-American,Receiver,0.796990488256727,16.7368,21,2.380952380952381
Bowling Green,Mid-American,Running Back,0.797762498259544,6.3821,8,2.375
Bowling Green,Mid-American,Special Teams,0.749879992008209,3.7494,5,2
Buffalo,Mid-American,Defensive Back,0.795780007044474,11.9367,15,2.466666666666667
Buffalo,Mid-American,Defensive Line,0.775999998052915,9.312,12,2.1666666666666665
Buffalo,Mid-American,Linebacker,0.797537505626678,6.3803,8,2.5
Buffalo,Mid-American,Offensive Line,0.773455560207367,6.9611,9,2
Buffalo,Mid-American,Quarterback,0.8091000020504,3.2364,4,2.75
Buffalo,Mid-American,Receiver,0.782833332107181,16.4395,21,2.238095238095238
Buffalo,Mid-American,Running Back,0.803571428571429,5.625,7,2.5714285714285716
Buffalo,Mid-American,Special Teams,0.786914280482701,5.5084,7,2.2857142857142856
BYU,FBS Independents,Defensive Back,0.827668748795986,13.2427,16,2.8125
BYU,FBS Independents,Defensive Line,0.820671433494205,17.2341,21,2.7142857142857144
BYU,FBS Independents,Linebacker,0.830950004713876,11.6333,14,2.9285714285714284
BYU,FBS Independents,Offensive Line,0.808850003613366,14.5593,18,2.444444444444444
BYU,FBS Independents,Quarterback,0.839787498116493,6.7183,8,3
BYU,FBS Independents,Receiver,0.812165004014969,16.2433,20,2.8
BYU,FBS Independents,Running Back,0.815325006842613,3.2613,4,2.75
BYU,FBS Independents,Special Teams,0.794823082593771,10.3327,13,2.4615384615384617
California,Pac-12,Defensive Back,0.856554546139457,9.4221,11,3
California,Pac-12,Defensive Line,0.837283339765337,15.0711,18,2.944444444444444
California,Pac-12,Linebacker,0.84307691684136,10.96,13,2.923076923076923
California,Pac-12,Offensive Line,0.847862504422665,13.5658,16,3.0625
California,Pac-12,Quarterback,0.881249994039536,3.525,4,3.25
California,Pac-12,Receiver,0.863410526200345,16.4048,19,3.1578947368421053
California,Pac-12,Running Back,0.874114292008536,6.1188,7,3.142857142857143
California,Pac-12,Special Teams,0.841400009393692,8.414,10,3
Central Michigan,Mid-American,Defensive Back,0.792689483416708,15.0611,19,2.4210526315789473
Central Michigan,Mid-American,Defensive Line,0.790638893842697,14.2315,18,2.3333333333333335
Central Michigan,Mid-American,Linebacker,0.778807695095356,10.1245,13,2.076923076923077
Central Michigan,Mid-American,Offensive Line,0.800900009545413,8.8099,11,2.5454545454545454
Central Michigan,Mid-American,Quarterback,0.808771431446075,5.6614,7,2.7142857142857144
Central Michigan,Mid-American,Receiver,0.799646663665772,11.9947,15,2.533333333333333
Central Michigan,Mid-American,Running Back,0.797033329804738,7.1733,9,2.3333333333333335
Central Michigan,Mid-American,Special Teams,0.793211115731133,7.1389,9,2.444444444444444
Charlotte,Conference USA,Defensive Back,0.781299994542049,10.1569,13,2.1538461538461537
Charlotte,Conference USA,Defensive Line,0.784992305132059,10.2049,13,2.230769230769231
Charlotte,Conference USA,Linebacker,0.780144453048706,7.0213,9,2.111111111111111
Charlotte,Conference USA,Offensive Line,0.774470007419586,7.7447,10,2.1
Charlotte,Conference USA,Quarterback,0.785966674486796,2.3579,3,2
Charlotte,Conference USA,Receiver,0.793286669254303,11.8993,15,2.466666666666667
Charlotte,Conference USA,Running Back,0.814016650120417,4.8841,6,2.6666666666666665
Charlotte,Conference USA,Special Teams,0.779150009155273,1.5583,2,2
Cincinnati,American Athletic,Defensive Back,0.832584205426668,15.8191,19,2.9473684210526314
Cincinnati,American Athletic,Defensive Line,0.829593336582184,12.4439,15,2.8666666666666667
Cincinnati,American Athletic,Linebacker,0.840909999608993,8.4091,10,3
Cincinnati,American Athletic,Offensive Line,0.816183333595594,9.7942,12,2.75
Cincinnati,American Athletic,Quarterback,0.85077999830246,4.2539,5,3
Cincinnati,American Athletic,Receiver,0.831839139046876,19.1323,23,3
Cincinnati,American Athletic,Running Back,0.831199995109013,5.8184,7,2.7142857142857144
Cincinnati,American Athletic,Special Teams,0.837009093978188,9.2071,11,2.909090909090909
Clemson,ACC,Defensive Back,0.90462631300876,17.1879,19,3.526315789473684
Clemson,ACC,Defensive Line,0.915791672964891,21.979,24,3.75
Clemson,ACC,Linebacker,0.886085714612688,12.4052,14,3.357142857142857
Clemson,ACC,Offensive Line,0.890272226598528,16.0249,18,3.444444444444444
Clemson,ACC,Quarterback,0.91794284752437,6.4256,7,3.857142857142857
Clemson,ACC,Receiver,0.927911758422852,15.7745,17,3.8823529411764706
Clemson,ACC,Running Back,0.914660000801086,4.5733,5,3.8
Clemson,ACC,Special Teams,0.891616672277451,5.3497,6,3.6666666666666665
Coastal Carolina,Sun Belt,Defensive Back,0.777316669623057,9.3278,12,2.1666666666666665
Coastal Carolina,Sun Belt,Defensive Line,0.770745461637324,8.4782,11,2.1818181818181817
Coastal Carolina,Sun Belt,Linebacker,0.764010000228882,7.6401,10,2
Coastal Carolina,Sun Belt,Offensive Line,0.764063151259171,14.5172,19,2
Coastal Carolina,Sun Belt,Quarterback,0.776249999801318,9.315,12,2.25
Coastal Carolina,Sun Belt,Receiver,0.779982616072116,17.9396,23,2.260869565217391
Coastal Carolina,Sun Belt,Running Back,0.765514297144754,5.3586,7,2
Coastal Carolina,Sun Belt,Special Teams,0.77257143173899,10.816,14,2.2142857142857144
Colorado,Pac-12,Defensive Back,0.845212496817112,6.7617,8,3
Colorado,Pac-12,Defensive Line,0.834528569664274,11.6834,14,2.7857142857142856
Colorado,Pac-12,Linebacker,0.839859998226166,8.3986,10,2.9
Colorado,Pac-12,Offensive Line,0.845189477268018,16.0586,19,3.1578947368421053
Colorado,Pac-12,Quarterback,0.855224996805191,3.4209,4,3
Colorado,Pac-12,Receiver,0.859141188509324,14.6054,17,3.1176470588235294
Colorado,Pac-12,Running Back,0.854028574057988,5.9782,7,3.142857142857143
Colorado,Pac-12,Special Teams,0.84979090907357,9.3477,11,3
Colorado State,Mountain West,Defensive Back,0.829714289733342,11.616,14,2.9285714285714284
Colorado State,Mountain West,Defensive Line,0.806011771454531,13.7022,17,2.4705882352941178
Colorado State,Mountain West,Linebacker,0.811100006103516,8.111,10,2.9
Colorado State,Mountain West,Offensive Line,0.801357141562871,11.219,14,2.7142857142857144
Colorado State,Mountain West,Quarterback,0.831733326117198,2.4952,3,3
Colorado State,Mountain West,Receiver,0.830653841678913,10.7985,13,3
Colorado State,Mountain West,Running Back,0.804799993832906,7.2432,9,2.444444444444444
Colorado State,Mountain West,Special Teams,0.803711109691196,7.2334,9,2.6666666666666665
Connecticut,American Athletic,Defensive Back,0.80314000248909,16.0628,20,2.45
Connecticut,American Athletic,Defensive Line,0.80446666876475,12.067,15,2.7333333333333334
Connecticut,American Athletic,Linebacker,0.801349997520447,4.8081,6,2.8333333333333335
Connecticut,American Athletic,Offensive Line,0.794989479215522,15.1048,19,2.473684210526316
Connecticut,American Athletic,Quarterback,0.808449998497963,6.4676,8,2.75
Connecticut,American Athletic,Receiver,0.794368430187828,15.093,19,2.3684210526315788
Connecticut,American Athletic,Running Back,0.802225008606911,3.2089,4,2.5
Connecticut,American Athletic,Special Teams,0.777324999372164,9.3279,12,2.25
Duke,ACC,Defensive Back,0.855673683317084,16.2578,19,3.1052631578947367
Duke,ACC,Defensive Line,0.850295001268387,17.0059,20,3.1
Duke,ACC,Linebacker,0.862689995765686,8.6269,10,3.1
Duke,ACC,Offensive Line,0.859241180560168,14.6071,17,3.0588235294117645
Duke,ACC,Quarterback,0.83780001103878,3.3512,4,2.75
Duke,ACC,Receiver,0.854427778058582,15.3797,18,3.055555555555556
Duke,ACC,Running Back,0.846860015392303,4.2343,5,3
Duke,ACC,Special Teams,0.829670000076294,8.2967,10,2.9
East Carolina,American Athletic,Defensive Back,0.821458827046787,13.9648,17,2.8823529411764706
East Carolina,American Athletic,Defensive Line,0.809376474689035,13.7594,17,2.6470588235294117
East Carolina,American Athletic,Linebacker,0.809487506747246,6.4759,8,2.625
East Carolina,American Athletic,Offensive Line,0.806108335653941,9.6733,12,2.5833333333333335
East Carolina,American Athletic,Quarterback,0.830557150500161,5.8139,7,3
East Carolina,American Athletic,Receiver,0.808406252413988,12.9345,16,2.5625
East Carolina,American Athletic,Running Back,0.824160003662109,4.1208,5,2.8
East Carolina,American Athletic,Special Teams,0.817725002765656,3.2709,4,2.5
Eastern Michigan,Mid-American,Defensive Back,0.788336369124326,17.3434,22,2.4545454545454546
Eastern Michigan,Mid-American,Defensive Line,0.781492854867663,10.9409,14,2.357142857142857
Eastern Michigan,Mid-American,Linebacker,0.758416662613551,4.5505,6,2
Eastern Michigan,Mid-American,Offensive Line,0.784129416241365,13.3302,17,2.2941176470588234
Eastern Michigan,Mid-American,Quarterback,0.797242854322706,5.5807,7,2.4285714285714284
Eastern Michigan,Mid-American,Receiver,0.77363888753785,13.9255,18,2.1666666666666665
Eastern Michigan,Mid-American,Running Back,0.794424995779991,6.3554,8,2.375
Eastern Michigan,Mid-American,Special Teams,0.762433340152105,4.5746,6,2
Florida,SEC,Defensive Back,0.901178258916606,20.7271,23,3.4347826086956523
Florida,SEC,Defensive Line,0.897300004959106,14.3568,16,3.6875
Florida,SEC,Linebacker,0.884078583547047,12.3771,14,3.357142857142857
Florida,SEC,Offensive Line,0.881186959536179,20.2673,23,3.4347826086956523
Florida,SEC,Quarterback,0.879866669575373,5.2792,6,3.3333333333333335
Florida,SEC,Receiver,0.909009996056557,18.1802,20,3.6
Florida,SEC,Running Back,0.896937489509583,7.1755,8,3.5
Florida,SEC,Special Teams,0.873499989509583,3.494,4,3.25
Florida Atlantic,Conference USA,Defensive Back,0.823789474211241,15.652,19,2.8947368421052633
Florida Atlantic,Conference USA,Defensive Line,0.828668747097254,13.2587,16,2.8125
Florida Atlantic,Conference USA,Linebacker,0.810469228487748,10.5361,13,2.6153846153846154
Florida Atlantic,Conference USA,Offensive Line,0.803914283003126,11.2548,14,2.5
Florida Atlantic,Conference USA,Quarterback,0.840500017007192,2.5215,3,3
Florida Atlantic,Conference USA,Receiver,0.802149994032724,11.2301,14,2.5
Florida Atlantic,Conference USA,Running Back,0.817500007152557,8.175,10,2.7
Florida Atlantic,Conference USA,Special Teams,0.819420003890991,8.1942,10,2.7
Florida International,Conference USA,Defensive Back,0.803524995843569,9.6423,12,2.4166666666666665
Florida International,Conference USA,Defensive Line,0.801159989833832,12.0174,15,2.466666666666667
Florida International,Conference USA,Linebacker,0.822927285324443,9.0522,11,2.8181818181818183
Florida International,Conference USA,Offensive Line,0.792717646150028,13.4762,17,2.2941176470588234
Florida International,Conference USA,Quarterback,0.807262502610683,6.4581,8,2.5
Florida International,Conference USA,Receiver,0.80283076946552,20.8736,26,2.4615384615384617
Florida International,Conference USA,Running Back,0.806857143129621,5.648,7,2.7142857142857144
Florida International,Conference USA,Special Teams,0.803762495517731,6.4301,8,2.625
Florida State,ACC,Defensive Back,0.940177272666584,20.6839,22,3.9545454545454546
Florida State,ACC,Defensive Line,0.918504760378883,19.2886,21,3.8095238095238093
Florida State,ACC,Linebacker,0.904933323462804,10.8592,12,3.75
Florida State,ACC,Offensive Line,0.898643743246794,14.3783,16,3.4375
Florida State,ACC,Quarterback,0.921660006046295,4.6083,5,3.6
Florida State,ACC,Receiver,0.906458819613737,15.4098,17,3.5294117647058822
Florida State,ACC,Running Back,0.935399986803532,7.4832,8,4
Florida State,ACC,Special Teams,0.851371433053698,5.9596,7,3.2857142857142856
Fresno State,Mountain West,Defensive Back,0.811444441477458,14.606,18,2.611111111111111
Fresno State,Mountain West,Defensive Line,0.800530763772818,10.4069,13,2.6153846153846154
Fresno State,Mountain West,Linebacker,0.794377777311537,7.1494,9,2.555555555555556
Fresno State,Mountain West,Offensive Line,0.797341181951411,13.5548,17,2.5294117647058822
Fresno State,Mountain West,Quarterback,0.831300005316734,3.3252,4,2.75
Fresno State,Mountain West,Receiver,0.820157149008342,11.4822,14,2.857142857142857
Fresno State,Mountain West,Running Back,0.812687501311302,6.5015,8,2.75
Fresno State,Mountain West,Special Teams,0.830675020813942,3.3227,4,2.75
Georgia,SEC,Defensive Back,0.905708699122719,20.8313,23,3.608695652173913
Georgia,SEC,Defensive Line,0.932026927287762,24.2327,26,3.9615384615384617
Georgia,SEC,Linebacker,0.939906668663025,14.0986,15,4.066666666666666
Georgia,SEC,Offensive Line,0.917214995622635,18.3443,20,3.75
Georgia,SEC,Quarterback,0.922528581959861,6.4577,7,4
Georgia,SEC,Receiver,0.917870002985001,18.3574,20,3.85
Georgia,SEC,Running Back,0.943333347638448,5.66,6,4.166666666666667
Georgia,SEC,Special Teams,0.875899994373322,8.759,10,3.5
Georgia Southern,Sun Belt,Defensive Back,0.807830002903938,16.1566,20,2.65
Georgia Southern,Sun Belt,Defensive Line,0.798923818838029,16.7774,21,2.4761904761904763
Georgia Southern,Sun Belt,Linebacker,0.807242853300912,5.6507,7,2.5714285714285716
Georgia Southern,Sun Belt,Offensive Line,0.794731255620718,12.7157,16,2.25
Georgia Southern,Sun Belt,Quarterback,0.791822228166792,7.1264,9,2.2222222222222223
Georgia Southern,Sun Belt,Receiver,0.799310527349773,15.1869,19,2.526315789473684
Georgia Southern,Sun Belt,Running Back,0.797920006513596,7.9792,10,2.5
Georgia Southern,Sun Belt,Special Teams,0.791281824762171,8.7041,11,2.3636363636363638
Georgia State,Sun Belt,Defensive Back,0.794860009352366,11.9229,15,2.4
Georgia State,Sun Belt,Defensive Line,0.785841184503892,13.3593,17,2.176470588235294
Georgia State,Sun Belt,Linebacker,0.790290902961384,8.6932,11,2.2727272727272725
Georgia State,Sun Belt,Offensive Line,0.794725008308887,12.7156,16,2.5
Georgia State,Sun Belt,Quarterback,0.824050009250641,3.2962,4,2.75
Georgia State,Sun Belt,Receiver,0.796793337663015,11.9519,15,2.466666666666667
Georgia State,Sun Belt,Running Back,0.802880001068115,4.0144,5,2.6
Georgia State,Sun Belt,Special Teams,0.783387504518032,6.2671,8,2.25
Georgia Tech,ACC,Defensive Back,0.843014282839639,17.7033,21,2.9047619047619047
Georgia Tech,ACC,Defensive Line,0.84117999792099,21.0295,25,2.96
Georgia Tech,ACC,Linebacker,0.857361532174624,11.1457,13,3.076923076923077
Georgia Tech,ACC,Offensive Line,0.834060007333756,8.3406,10,3
Georgia Tech,ACC,Quarterback,0.846333344777425,2.539,3,3
Georgia Tech,ACC,Receiver,0.843520001570384,12.6528,15,2.8666666666666667
Georgia Tech,ACC,Running Back,0.839633337656657,12.5945,15,3.066666666666667
Georgia Tech,ACC,Special Teams,0.853483334183693,10.2418,12,3.0833333333333335
Hawai'i,Mountain West,Defensive Back,0.796630001068115,7.9663,10,2.5
Hawai'i,Mountain West,Defensive Line,0.788093336423238,11.8214,15,2.4
Hawai'i,Mountain West,Linebacker,0.804100006818771,8.041,10,2.6
Hawai'i,Mountain West,Offensive Line,0.780085716928755,10.9212,14,2.2142857142857144
Hawai'i,Mountain West,Quarterback,0.793460011482239,3.9673,5,2.6
Hawai'i,Mountain West,Receiver,0.791936365040866,8.7113,11,2.4545454545454546
Hawai'i,Mountain West,Running Back,0.807316660881042,4.8439,6,2.6666666666666665
Hawai'i,Mountain West,Special Teams,0.807862505316734,6.4629,8,2.75
Houston,American Athletic,Defensive Back,0.80121817372062,8.8134,11,2.4545454545454546
Houston,American Athletic,Defensive Line,0.845480000972748,12.6822,15,3.066666666666667
Houston,American Athletic,Linebacker,0.815254547379234,8.9678,11,2.5454545454545454
Houston,American Athletic,Offensive Line,0.82165333032608,12.3248,15,2.8
Houston,American Athletic,Quarterback,0.841474995017052,3.3659,4,3
Houston,American Athletic,Receiver,0.834347055238836,14.1839,17,2.9411764705882355
Houston,American Athletic,Running Back,0.838666667540868,5.032,6,2.8333333333333335
Houston,American Athletic,Special Teams,0.84375,3.375,4,3
Illinois,Big Ten,Defensive Back,0.816218744963408,13.0595,16,2.8125
Illinois,Big Ten,Defensive Line,0.845621055678317,16.0668,19,3.0526315789473686
Illinois,Big Ten,Linebacker,0.829129993915558,8.2913,10,2.9
Illinois,Big Ten,Offensive Line,0.845400000873365,16.0626,19,3.1052631578947367
Illinois,Big Ten,Quarterback,0.830600008368492,6.6448,8,2.875
Illinois,Big Ten,Receiver,0.837257896599017,15.9079,19,2.8947368421052633
Illinois,Big Ten,Running Back,0.844440001249313,8.4444,10,3.1
Illinois,Big Ten,Special Teams,0.839644445313348,7.5568,9,3.111111111111111
Indiana,Big Ten,Defensive Back,0.838287507494291,20.1189,24,2.9166666666666665
Indiana,Big Ten,Defensive Line,0.843376188051133,17.7109,21,3
Indiana,Big Ten,Linebacker,0.848871426922934,5.9421,7,3.142857142857143
Indiana,Big Ten,Offensive Line,0.838929998874664,16.7786,20,2.9
Indiana,Big Ten,Quarterback,0.846142854009356,5.923,7,3
Indiana,Big Ten,Receiver,0.834344998002052,16.6869,20,2.95
Indiana,Big Ten,Running Back,0.849591672420502,10.1951,12,3.0833333333333335
Indiana,Big Ten,Special Teams,0.839792311191559,10.9173,13,2.769230769230769
Iowa,Big Ten,Defensive Back,0.841530007123947,16.8306,20,2.95
Iowa,Big Ten,Defensive Line,0.853836840704868,16.2229,19,3.1052631578947367
Iowa,Big Ten,Linebacker,0.833053330580393,12.4958,15,2.933333333333333
Iowa,Big Ten,Offensive Line,0.86069444153044,15.4925,18,3.2222222222222223
Iowa,Big Ten,Quarterback,0.850542851856777,5.9538,7,2.857142857142857
Iowa,Big Ten,Receiver,0.833952627683941,15.8451,19,2.9473684210526314
Iowa,Big Ten,Running Back,0.846070003509521,8.4607,10,3
Iowa,Big Ten,Special Teams,0.833722220526801,7.5035,9,2.888888888888889
Iowa State,Big 12,Defensive Back,0.835447062464321,14.2026,17,3
Iowa State,Big 12,Defensive Line,0.835561113225089,15.0401,18,2.944444444444444
Iowa State,Big 12,Linebacker,0.840199996124614,9.2422,11,3
Iowa State,Big 12,Offensive Line,0.839849998553594,15.1173,18,2.944444444444444
Iowa State,Big 12,Quarterback,0.84213333328565,5.0528,6,3
Iowa State,Big 12,Receiver,0.841362498700619,13.4618,16,2.9375
Iowa State,Big 12,Running Back,0.849233339230219,5.0954,6,3.3333333333333335
Iowa State,Big 12,Special Teams,0.821622219350603,7.3946,9,2.7777777777777777
Kansas,Big 12,Defensive Back,0.82784615113185,10.762,13,2.769230769230769
Kansas,Big 12,Defensive Line,0.820200008153915,8.202,10,2.9
Kansas,Big 12,Linebacker,0.808687500655651,6.4695,8,2.5
Kansas,Big 12,Offensive Line,0.810587506741285,12.9694,16,2.625
Kansas,Big 12,Quarterback,0.819080007076263,4.0954,5,2.8
Kansas,Big 12,Receiver,0.800526666641235,12.0079,15,2.6666666666666665
Kansas,Big 12,Running Back,0.831939995288849,4.1597,5,3
Kansas,Big 12,Special Teams,0.816688901848263,7.3502,9,2.6666666666666665
Kansas State,Big 12,Defensive Back,0.831129421206082,14.1292,17,2.764705882352941
Kansas State,Big 12,Defensive Line,0.833361906664712,17.5006,21,2.9047619047619047
Kansas State,Big 12,Linebacker,0.83363750576973,6.6691,8,2.875
Kansas State,Big 12,Offensive Line,0.82514999806881,13.2024,16,2.8125
Kansas State,Big 12,Quarterback,0.840300003687541,5.0418,6,2.8333333333333335
Kansas State,Big 12,Receiver,0.829127273776314,9.1204,11,2.909090909090909
Kansas State,Big 12,Running Back,0.830200003253089,7.4718,9,3
Kansas State,Big 12,Special Teams,0.849925003945827,6.7994,8,3
Kent State,Mid-American,Defensive Back,0.79839999973774,15.968,20,2.5
Kent State,Mid-American,Defensive Line,0.777643755078316,12.4423,16,2.1875
Kent State,Mid-American,Linebacker,0.786390000581741,7.8639,10,2.3
Kent State,Mid-American,Offensive Line,0.782823527560515,13.308,17,2.235294117647059
Kent State,Mid-American,Quarterback,0.789040005207062,3.9452,5,2.4
Kent State,Mid-American,Receiver,0.783379999796549,11.7507,15,2.2666666666666666
Kent State,Mid-American,Running Back,0.791940003633499,7.9194,10,2.2
Kent State,Mid-American,Special Teams,0.763412497937679,6.1073,8,2.125
Kentucky,SEC,Defensive Back,0.864281252026558,13.8285,16,3.125
Kentucky,SEC,Defensive Line,0.854523814859844,17.945,21,3.0952380952380953
Kentucky,SEC,Linebacker,0.86456362767653,9.5102,11,3.3636363636363638
Kentucky,SEC,Offensive Line,0.859972221983804,15.4795,18,3.1666666666666665
Kentucky,SEC,Quarterback,0.845966676870982,5.0758,6,3
Kentucky,SEC,Receiver,0.856410528484144,16.2718,19,3.1052631578947367
Kentucky,SEC,Running Back,0.85440000295639,4.272,5,3
Kentucky,SEC,Special Teams,0.8499437533319,13.5991,16,3.125
Liberty,FBS Independents,Defensive Back,0.805042862892151,5.6353,7,2.4285714285714284
Liberty,FBS Independents,Defensive Line,0.801520001888275,4.0076,5,2.8
Liberty,FBS Independents,Linebacker,0.78600001335144,1.572,2,2.5
Liberty,FBS Independents,Offensive Line,0.794000009695689,2.382,3,2.3333333333333335
Liberty,FBS Independents,Quarterback,0.78855000436306,3.1542,4,2.5
Liberty,FBS Independents,Receiver,0.806825011968613,3.2273,4,2.75
Liberty,FBS Independents,Running Back,0.793300002813339,1.5866,2,2.5
Liberty,FBS Independents,Special Teams,0.788433333237966,2.3653,3,2.3333333333333335
Louisiana,Sun Belt,Defensive Back,0.800941670934359,9.6113,12,2.5
Louisiana,Sun Belt,Defensive Line,0.814007681149703,10.5821,13,2.6153846153846154
Louisiana,Sun Belt,Linebacker,0.796710008382797,7.9671,10,2.4
Louisiana,Sun Belt,Offensive Line,0.787440914999355,17.3237,22,2.3181818181818183
Louisiana,Sun Belt,Quarterback,0.814083337783813,4.8845,6,2.5
Louisiana,Sun Belt,Receiver,0.808578580617905,11.3201,14,2.642857142857143
Louisiana,Sun Belt,Running Back,0.798020017147064,3.9901,5,2.6
Louisiana,Sun Belt,Special Teams,0.796872729604894,8.7656,11,2.6363636363636362
Louisiana Monroe,Sun Belt,Defensive Back,0.787506252527237,12.6001,16,2.1875
Louisiana Monroe,Sun Belt,Defensive Line,0.788928581135614,11.045,14,2.357142857142857
Louisiana Monroe,Sun Belt,Linebacker,0.798677782217662,7.1881,9,2.555555555555556
Louisiana Monroe,Sun Belt,Offensive Line,0.788093760609627,12.6095,16,2.375
Louisiana Monroe,Sun Belt,Quarterback,0.787600004673004,3.938,5,2.4
Louisiana Monroe,Sun Belt,Receiver,0.780621430703572,10.9287,14,2.2142857142857144
Louisiana Monroe,Sun Belt,Running Back,0.781349996725718,4.6881,6,2.3333333333333335
Louisiana Monroe,Sun Belt,Special Teams,0.78892222377989,7.1003,9,2.2222222222222223
Louisiana Tech,Conference USA,Defensive Back,0.827724996954203,13.2436,16,2.75
Louisiana Tech,Conference USA,Defensive Line,0.813785714762551,11.393,14,2.642857142857143
Louisiana Tech,Conference USA,Linebacker,0.803350001573563,6.4268,8,2.5
Louisiana Tech,Conference USA,Offensive Line,0.794826670487722,11.9224,15,2.533333333333333
Louisiana Tech,Conference USA,Quarterback,0.837116668621699,5.0227,6,3
Louisiana Tech,Conference USA,Receiver,0.804171434470585,5.6292,7,2.4285714285714284
Louisiana Tech,Conference USA,Running Back,0.80091667175293,4.8055,6,2.5
Louisiana Tech,Conference USA,Special Teams,0.816786674658457,12.2518,15,2.7333333333333334
Louisville,ACC,Defensive Back,0.868085716451917,12.1532,14,3.2857142857142856
Louisville,ACC,Defensive Line,0.848853844862718,11.0351,13,3.076923076923077
Louisville,ACC,Linebacker,0.856869229903588,11.1393,13,3.076923076923077
Louisville,ACC,Offensive Line,0.845971435308456,11.8436,14,2.9285714285714284
Louisville,ACC,Quarterback,0.831633339325587,4.9898,6,2.8333333333333335
Louisville,ACC,Receiver,0.856537498533726,13.7046,16,3.0625
Louisville,ACC,Running Back,0.854155553711785,7.6874,9,3
Louisville,ACC,Special Teams,0.843755563100179,7.5938,9,2.888888888888889
LSU,SEC,Defensive Back,0.937305553091897,16.8715,18,3.944444444444444
LSU,SEC,Defensive Line,0.912275993824005,22.8069,25,3.64
LSU,SEC,Linebacker,0.920288893911574,8.2826,9,3.888888888888889
LSU,SEC,Offensive Line,0.91048635948788,20.0307,22,3.6363636363636362
LSU,SEC,Quarterback,0.865833342075348,5.195,6,3.3333333333333335
LSU,SEC,Receiver,0.907436841412594,17.2413,19,3.736842105263158
LSU,SEC,Running Back,0.924280005693436,9.2428,10,3.9
LSU,SEC,Special Teams,0.853830777681791,11.0998,13,3.076923076923077
Marshall,Conference USA,Defensive Back,0.823213634165851,18.1107,22,2.7727272727272725
Marshall,Conference USA,Defensive Line,0.819046148887047,10.6476,13,2.769230769230769
Marshall,Conference USA,Linebacker,0.823581255972385,13.1773,16,2.875
Marshall,Conference USA,Offensive Line,0.791373332341512,11.8706,15,2.3333333333333335
Marshall,Conference USA,Quarterback,0.829700003067652,4.9782,6,3
Marshall,Conference USA,Receiver,0.80326539507279,20.8849,26,2.423076923076923
Marshall,Conference USA,Running Back,0.819980001449585,12.2997,15,2.7333333333333334
Marshall,Conference USA,Special Teams,0.780333350102107,4.682,6,2.1666666666666665
Maryland,Big Ten,Defensive Back,0.86100666920344,12.9151,15,3.2
Maryland,Big Ten,Defensive Line,0.858500003814697,13.736,16,3.1875
Maryland,Big Ten,Linebacker,0.854349995652835,10.2522,12,3
Maryland,Big Ten,Offensive Line,0.865788886944453,15.5842,18,3.2777777777777777
Maryland,Big Ten,Quarterback,0.850483338038127,5.1029,6,3.1666666666666665
Maryland,Big Ten,Receiver,0.858822725035927,18.8941,22,3.090909090909091
Maryland,Big Ten,Running Back,0.863274998962879,6.9062,8,3.125
Maryland,Big Ten,Special Teams,0.817199999094009,8.172,10,2.7
Memphis,American Athletic,Defensive Back,0.825181245803833,13.2029,16,2.875
Memphis,American Athletic,Defensive Line,0.817361899784633,17.1646,21,2.761904761904762
Memphis,American Athletic,Linebacker,0.806854551488703,8.8754,11,2.5454545454545454
Memphis,American Athletic,Offensive Line,0.815319999059041,12.2298,15,2.7333333333333334
Memphis,American Athletic,Quarterback,0.812812507152557,6.5025,8,2.75
Memphis,American Athletic,Receiver,0.813189475159896,15.4506,19,2.6842105263157894
Memphis,American Athletic,Running Back,0.809377789497375,7.2844,9,2.7777777777777777
Memphis,American Athletic,Special Teams,0.79028000831604,7.9028,10,2.5
Miami,ACC,Defensive Back,0.878385004401207,17.5677,20,3.4
Miami,ACC,Defensive Line,0.891119998693466,17.8224,20,3.4
Miami,ACC,Linebacker,0.87477000951767,8.7477,10,3.3
Miami,ACC,Offensive Line,0.871105263107701,16.551,19,3.263157894736842
Miami,ACC,Quarterback,0.88416666785876,5.305,6,3.5
Miami,ACC,Receiver,0.91061999797821,18.2124,20,3.55
Miami,ACC,Running Back,0.915916671355565,5.4955,6,3.8333333333333335
Miami,ACC,Special Teams,0.865966657797495,5.1958,6,3.5
Miami (OH),Mid-American,Defensive Back,0.793256256729364,12.6921,16,2.375
Miami (OH),Mid-American,Defensive Line,0.8029062487185,12.8465,16,2.5625
Miami (OH),Mid-American,Linebacker,0.790354549884796,8.6939,11,2.3636363636363638
Miami (OH),Mid-American,Offensive Line,0.810610526486447,15.4016,19,2.6842105263157894
Miami (OH),Mid-American,Quarterback,0.813914281981332,5.6974,7,2.7142857142857144
Miami (OH),Mid-American,Receiver,0.796683338781198,19.1204,24,2.4166666666666665
Miami (OH),Mid-American,Running Back,0.803211119439867,7.2289,9,2.6666666666666665
Miami (OH),Mid-American,Special Teams,0.796119999885559,7.9612,10,2.5
Michigan,Big Ten,Defensive Back,0.898857147920699,18.876,21,3.5238095238095237
Michigan,Big Ten,Defensive Line,0.897549998301726,23.3363,26,3.576923076923077
Michigan,Big Ten,Linebacker,0.902849990129471,9.0285,10,3.6
Michigan,Big Ten,Offensive Line,0.900544998049736,18.0109,20,3.55
Michigan,Big Ten,Quarterback,0.901942866189139,6.3136,7,3.7142857142857144
Michigan,Big Ten,Receiver,0.895159095525742,19.6935,22,3.5454545454545454
Michigan,Big Ten,Running Back,0.891711115837097,8.0254,9,3.444444444444444
Michigan,Big Ten,Special Teams,0.848866668012407,7.6398,9,3
Michigan State,Big Ten,Defensive Back,0.880473339557648,13.2071,15,3.3333333333333335
Michigan State,Big Ten,Defensive Line,0.863611108726925,15.545,18,3.111111111111111
Michigan State,Big Ten,Linebacker,0.855492860078812,11.9769,14,3
Michigan State,Big Ten,Offensive Line,0.869574996829033,17.3915,20,3.1
Michigan State,Big Ten,Quarterback,0.872333347797394,5.234,6,3.1666666666666665
Michigan State,Big Ten,Receiver,0.875995007157326,17.5199,20,3.3
Michigan State,Big Ten,Running Back,0.885783344507217,5.3147,6,3.1666666666666665
Michigan State,Big Ten,Special Teams,0.822900001491819,11.5206,14,2.7857142857142856
Middle Tennessee,Conference USA,Defensive Back,0.800058831186856,13.601,17,2.5294117647058822
Middle Tennessee,Conference USA,Defensive Line,0.797466665506363,9.5696,12,2.4166666666666665
Middle Tennessee,Conference USA,Linebacker,0.79104999701182,4.7463,6,2.3333333333333335
Middle Tennessee,Conference USA,Offensive Line,0.80472666422526,12.0709,15,2.7333333333333334
Middle Tennessee,Conference USA,Quarterback,0.804520010948181,4.0226,5,2.6
Middle Tennessee,Conference USA,Receiver,0.81042856829507,11.346,14,2.642857142857143
Middle Tennessee,Conference USA,Running Back,0.796700000762939,1.5934,2,2.5
Middle Tennessee,Conference USA,Special Teams,0.800118180838498,8.8013,11,2.6363636363636362
Minnesota,Big Ten,Defensive Back,0.828678946746023,15.7449,19,2.789473684210526
Minnesota,Big Ten,Defensive Line,0.837605879587286,14.2393,17,2.8823529411764706
Minnesota,Big Ten,Linebacker,0.83055833975474,9.9667,12,2.8333333333333335
Minnesota,Big Ten,Offensive Line,0.846590000391007,16.9318,20,3
Minnesota,Big Ten,Quarterback,0.830999996927049,7.479,9,2.888888888888889
Minnesota,Big Ten,Receiver,0.841788232326508,14.3104,17,3.0588235294117645
Minnesota,Big Ten,Running Back,0.830590003728867,8.3059,10,2.9
Minnesota,Big Ten,Special Teams,0.802199999491374,14.4396,18,2.5
Mississippi State,SEC,Defensive Back,0.872077773014704,15.6974,18,3.111111111111111
Mississippi State,SEC,Defensive Line,0.884094733940928,16.7978,19,3.473684210526316
Mississippi State,SEC,Linebacker,0.912085720470973,6.3846,7,3.4285714285714284
Mississippi State,SEC,Offensive Line,0.86448667049408,12.9673,15,3.2
Mississippi State,SEC,Quarterback,0.877820014953613,4.3891,5,3.6
Mississippi State,SEC,Receiver,0.856868755072355,13.7099,16,3.0625
Mississippi State,SEC,Running Back,0.873566677172979,5.2414,6,3.3333333333333335
Mississippi State,SEC,Special Teams,0.85337692957658,11.0939,13,2.923076923076923
Missouri,SEC,Defensive Back,0.848159995675087,16.9632,20,3.05
Missouri,SEC,Defensive Line,0.859328572239195,12.0306,14,3.2142857142857144
Missouri,SEC,Linebacker,0.851228560720171,11.9172,14,3
Missouri,SEC,Offensive Line,0.857000003842747,14.569,17,3.176470588235294
Missouri,SEC,Quarterback,0.884724989533424,3.5389,4,3.5
Missouri,SEC,Receiver,0.854783336321513,15.3861,18,3
Missouri,SEC,Running Back,0.837185714926038,5.8603,7,3
Missouri,SEC,Special Teams,0.853775009512901,6.8302,8,2.875
Navy,American Athletic,Defensive Back,0.783015159043399,25.8395,33,2.303030303030303
Navy,American Athletic,Defensive Line,0.781950008410674,20.3307,26,2.269230769230769
Navy,American Athletic,Linebacker,0.782047375252372,29.7178,38,2.263157894736842
Navy,American Athletic,Offensive Line,0.778366666851622,25.6861,33,2.212121212121212
Navy,American Athletic,Quarterback,0.781945461576635,8.6014,11,2.3636363636363638
Navy,American Athletic,Receiver,0.77763159024088,14.775,19,2.1052631578947367
Navy,American Athletic,Running Back,0.790721052571347,15.0237,19,2.4210526315789473
Navy,American Athletic,Special Teams,0.775088243624743,13.1765,17,2.176470588235294
NC State,ACC,Defensive Back,0.852622224224938,15.3472,18,3.055555555555556
NC State,ACC,Defensive Line,0.861513636328957,18.9533,22,3.1818181818181817
NC State,ACC,Linebacker,0.856527279723774,9.4218,11,3.090909090909091
NC State,ACC,Offensive Line,0.845433334509532,15.2178,18,3.055555555555556
NC State,ACC,Quarterback,0.856519997119904,4.2826,5,3.2
NC State,ACC,Receiver,0.844763150340632,16.0505,19,3
NC State,ACC,Running Back,0.891700002882216,8.0253,9,3.444444444444444
NC State,ACC,Special Teams,0.812199992792947,5.6854,7,2.5714285714285716
Nebraska,Big Ten,Defensive Back,0.875135288519018,14.8773,17,3.2941176470588234
Nebraska,Big Ten,Defensive Line,0.866434997320175,17.3287,20,3.1
Nebraska,Big Ten,Linebacker,0.866769999265671,8.6677,10,3.2
Nebraska,Big Ten,Offensive Line,0.873344444566303,15.7202,18,3.2222222222222223
Nebraska,Big Ten,Quarterback,0.927633345127106,2.7829,3,4
Nebraska,Big Ten,Receiver,0.879252938663258,14.9473,17,3.235294117647059
Nebraska,Big Ten,Running Back,0.89183999300003,8.9184,10,3.4
Nebraska,Big Ten,Special Teams,0.859792862619672,12.0371,14,3.0714285714285716
Nevada,Mountain West,Defensive Back,0.790958342452844,18.983,24,2.375
Nevada,Mountain West,Defensive Line,0.803033338652717,7.2273,9,2.555555555555556
Nevada,Mountain West,Linebacker,0.806626669565837,12.0994,15,2.7333333333333334
Nevada,Mountain West,Offensive Line,0.778916671872139,9.347,12,2.3333333333333335
Nevada,Mountain West,Quarterback,0.784199997782707,3.1368,4,2.5
Nevada,Mountain West,Receiver,0.803613045941228,18.4831,23,2.4782608695652173
Nevada,Mountain West,Running Back,0.780200024445852,2.3406,3,2
Nevada,Mountain West,Special Teams,0.80150909315456,8.8166,11,2.4545454545454546
New Mexico,Mountain West,Defensive Back,0.790033340454102,7.1103,9,2.555555555555556
New Mexico,Mountain West,Defensive Line,0.781900003552437,6.2552,8,2.125
New Mexico,Mountain West,Linebacker,0.793999999761581,1.588,2,2.5
New Mexico,Mountain West,Offensive Line,0.800133340888553,7.2012,9,2.555555555555556
New Mexico,Mountain West,Quarterback,0.78030002117157,0.7803,1,2
New Mexico,Mountain West,Receiver,0.7900111079216,7.1101,9,2.444444444444444
New Mexico,Mountain West,Running Back,0.836649999022484,3.3466,4,2.75
New Mexico,Mountain West,Special Teams,0.790955556763543,7.1186,9,2.2222222222222223
New Mexico State,FBS Independents,Defensive Back,0.781009088863026,8.5911,11,2.2727272727272725
New Mexico State,FBS Independents,Defensive Line,0.7810666680336,11.716,15,2.3333333333333335
New Mexico State,FBS Independents,Linebacker,0.774749994277954,9.297,12,2.0833333333333335
New Mexico State,FBS Independents,Offensive Line,0.771275003751119,9.2553,12,2.25
New Mexico State,FBS Independents,Quarterback,0.803749993443489,3.215,4,2.75
New Mexico State,FBS Independents,Receiver,0.770615385128902,10.018,13,2
New Mexico State,FBS Independents,Running Back,0.785366654396057,4.7122,6,2.3333333333333335
New Mexico State,FBS Independents,Special Teams,0.794060015678406,3.9703,5,2.2
North Carolina,ACC,Defensive Back,0.853379991650581,17.0676,20,3.05
North Carolina,ACC,Defensive Line,0.870085713409242,18.2718,21,3.142857142857143
North Carolina,ACC,Linebacker,0.863177782959408,7.7686,9,3.111111111111111
North Carolina,ACC,Offensive Line,0.878414287453606,18.4467,21,3.2857142857142856
North Carolina,ACC,Quarterback,0.885457132543836,6.1982,7,3.2857142857142856
North Carolina,ACC,Receiver,0.872656252235174,13.9625,16,3.1875
North Carolina,ACC,Running Back,0.871214287621634,6.0985,7,3.142857142857143
North Carolina,ACC,Special Teams,0.840980005264282,8.4098,10,2.8
Northern Illinois,Mid-American,Defensive Back,0.793126316447007,15.0694,19,2.526315789473684
Northern Illinois,Mid-American,Defensive Line,0.787100008555821,11.0194,14,2.2142857142857144
Northern Illinois,Mid-American,Linebacker,0.790662504732609,12.6506,16,2.4375
Northern Illinois,Mid-American,Offensive Line,0.791684213437532,15.042,19,2.4210526315789473
Northern Illinois,Mid-American,Quarterback,0.802449991305669,4.8147,6,2.5
Northern Illinois,Mid-American,Receiver,0.804357898862738,15.2828,19,2.5789473684210527
Northern Illinois,Mid-American,Running Back,0.795509994029999,7.9551,10,2.4
Northern Illinois,Mid-American,Special Teams,0.787399999797344,6.2992,8,2.375
North Texas,Conference USA,Defensive Back,0.808913330237071,12.1337,15,2.6666666666666665
North Texas,Conference USA,Defensive Line,0.791428574493953,11.08,14,2.4285714285714284
North Texas,Conference USA,Linebacker,0.815370011329651,8.1537,10,2.7
North Texas,Conference USA,Offensive Line,0.785500001162291,12.568,16,2.25
North Texas,Conference USA,Quarterback,0.795866668224335,4.7752,6,2.5
North Texas,Conference USA,Receiver,0.810125004500151,12.962,16,2.75
North Texas,Conference USA,Running Back,0.815233329931895,2.4457,3,2.6666666666666665
North Texas,Conference USA,Special Teams,0.792079985141754,3.9604,5,2.2
Northwestern,Big Ten,Defensive Back,0.840299990442064,15.1254,18,2.944444444444444
Northwestern,Big Ten,Defensive Line,0.861620004971822,12.9243,15,3.066666666666667
Northwestern,Big Ten,Linebacker,0.848950003584226,10.1874,12,3
Northwestern,Big Ten,Offensive Line,0.849605556991365,15.2929,18,3
Northwestern,Big Ten,Quarterback,0.847175002098083,3.3887,4,3
Northwestern,Big Ten,Receiver,0.845844437678655,15.2252,18,2.944444444444444
Northwestern,Big Ten,Running Back,0.849214281354632,5.9445,7,3
Northwestern,Big Ten,Special Teams,0.836314295019422,5.8542,7,3
Notre Dame,FBS Independents,Defensive Back,0.896309529032026,18.8225,21,3.5238095238095237
Notre Dame,FBS Independents,Defensive Line,0.88939473817223,16.8985,19,3.526315789473684
Notre Dame,FBS Independents,Linebacker,0.902164711671717,15.3368,17,3.6470588235294117
Notre Dame,FBS Independents,Offensive Line,0.921868421529469,17.5155,19,3.736842105263158
Notre Dame,FBS Independents,Quarterback,0.918799996376038,4.594,5,3.6
Notre Dame,FBS Independents,Receiver,0.9116666648123,16.41,18,3.6666666666666665
Notre Dame,FBS Independents,Running Back,0.88934999704361,7.1148,8,3.625
Notre Dame,FBS Independents,Special Teams,0.85465000073115,10.2558,12,3.0833333333333335
Ohio,Mid-American,Defensive Back,0.801906677087148,12.0286,15,2.6
Ohio,Mid-American,Defensive Line,0.789215376743904,10.2598,13,2.3846153846153846
Ohio,Mid-American,Linebacker,0.78552941013785,13.354,17,2.3529411764705883
Ohio,Mid-American,Offensive Line,0.785522731867703,17.2815,22,2.3181818181818183
Ohio,Mid-American,Quarterback,0.795579993724823,3.9779,5,2.6
Ohio,Mid-American,Receiver,0.788972228765488,14.2015,18,2.388888888888889
Ohio,Mid-American,Running Back,0.797600001096725,3.1904,4,2.5
Ohio,Mid-American,Special Teams,0.788390907374295,8.6723,11,2.2727272727272725
Ohio State,Big Ten,Defensive Back,0.918561909879957,19.2898,21,3.857142857142857
Ohio State,Big Ten,Defensive Line,0.920100002061753,19.3221,21,3.8095238095238093
Ohio State,Big Ten,Linebacker,0.935483336448669,11.2258,12,4.166666666666667
Ohio State,Big Ten,Offensive Line,0.926115795185691,17.5962,19,3.8421052631578947
Ohio State,Big Ten,Quarterback,0.931525006890297,3.7261,4,4
Ohio State,Big Ten,Receiver,0.927338891559177,16.6921,18,3.8333333333333335
Ohio State,Big Ten,Running Back,0.926166673501333,8.3355,9,3.7777777777777777
Ohio State,Big Ten,Special Teams,0.892749999960264,10.713,12,3.4166666666666665
Oklahoma,Big 12,Defensive Back,0.901018180630424,19.8224,22,3.5454545454545454
Oklahoma,Big 12,Defensive Line,0.902873912583227,20.7661,23,3.608695652173913
Oklahoma,Big 12,Linebacker,0.908009095625444,9.9881,11,3.6363636363636362
Oklahoma,Big 12,Offensive Line,0.899212498217821,14.3874,16,3.75
Oklahoma,Big 12,Quarterback,0.892650008201599,5.3559,6,3.6666666666666665
Oklahoma,Big 12,Receiver,0.893035289119272,15.1816,17,3.5294117647058822
Oklahoma,Big 12,Running Back,0.92003333568573,5.5202,6,4
Oklahoma,Big 12,Special Teams,0.862030005455017,8.6203,10,3.1
Oklahoma State,Big 12,Defensive Back,0.854383332861794,15.3789,18,3
Oklahoma State,Big 12,Defensive Line,0.856668747961521,13.7067,16,3.125
Oklahoma State,Big 12,Linebacker,0.841762505471706,6.7341,8,2.875
Oklahoma State,Big 12,Offensive Line,0.860873329639435,12.9131,15,3.066666666666667
Oklahoma State,Big 12,Quarterback,0.871016671260198,5.2261,6,3.3333333333333335
Oklahoma State,Big 12,Receiver,0.890569996833801,8.9057,10,3.5
Oklahoma State,Big 12,Running Back,0.857271415846688,6.0009,7,3
Oklahoma State,Big 12,Special Teams,0.84343333542347,10.1212,12,3
Old Dominion,Conference USA,Defensive Back,0.783478570835931,10.9687,14,2.2142857142857144
Old Dominion,Conference USA,Defensive Line,0.785247059429393,13.3492,17,2.3529411764705883
Old Dominion,Conference USA,Linebacker,0.785190912810239,8.6371,11,2.1818181818181817
Old Dominion,Conference USA,Offensive Line,0.778441682457924,9.3413,12,2
Old Dominion,Conference USA,Quarterback,0.797179996967316,3.9859,5,2.4
Old Dominion,Conference USA,Receiver,0.786234783089679,18.0834,23,2.217391304347826
Old Dominion,Conference USA,Running Back,0.79532858303615,5.5673,7,2.4285714285714284
Old Dominion,Conference USA,Special Teams,0.778872728347778,8.5676,11,2
Ole Miss,SEC,Defensive Back,0.861236845192156,16.3635,19,3.0526315789473686
Ole Miss,SEC,Defensive Line,0.873958822558908,14.8573,17,3.235294117647059
Ole Miss,SEC,Linebacker,0.85272307579334,11.0854,13,3
Ole Miss,SEC,Offensive Line,0.879030001163483,17.5806,20,3.25
Ole Miss,SEC,Quarterback,0.887849994003773,7.1028,8,3.5
Ole Miss,SEC,Receiver,0.915188885397381,16.4734,18,3.7222222222222223
Ole Miss,SEC,Running Back,0.888024993240833,7.1042,8,3.5
Ole Miss,SEC,Special Teams,0.881099998950958,2.6433,3,3
Oregon,Pac-12,Defensive Back,0.89126111401452,16.0427,18,3.3333333333333335
Oregon,Pac-12,Defensive Line,0.882573679873818,16.7689,19,3.3157894736842106
Oregon,Pac-12,Linebacker,0.902059996128082,9.0206,10,3.6
Oregon,Pac-12,Offensive Line,0.880833331081602,15.855,18,3.2777777777777777
Oregon,Pac-12,Quarterback,0.879914292267391,6.1594,7,3.2857142857142856
Oregon,Pac-12,Receiver,0.895762495696545,14.3322,16,3.5625
Oregon,Pac-12,Running Back,0.908749997615814,7.27,8,3.625
Oregon,Pac-12,Special Teams,0.848433339595795,12.7265,15,3
Oregon State,Pac-12,Defensive Back,0.826405886341544,14.0489,17,2.9411764705882355
Oregon State,Pac-12,Defensive Line,0.83471333583196,12.5207,15,2.933333333333333
Oregon State,Pac-12,Linebacker,0.831816678245862,9.9818,12,2.8333333333333335
Oregon State,Pac-12,Offensive Line,0.827476927867303,10.7572,13,2.923076923076923
Oregon State,Pac-12,Quarterback,0.839649990200996,3.3586,4,3
Oregon State,Pac-12,Receiver,0.84145625308156,13.4633,16,3.0625
Oregon State,Pac-12,Running Back,0.839145443656228,9.2306,11,3
Oregon State,Pac-12,Special Teams,0.851755552821689,7.6658,9,3.111111111111111
Penn State,Big Ten,Defensive Back,0.88807500898838,17.7615,20,3.55
Penn State,Big Ten,Defensive Line,0.899357692553447,23.3833,26,3.576923076923077
Penn State,Big Ten,Linebacker,0.904836372895674,9.9532,11,3.8181818181818183
Penn State,Big Ten,Offensive Line,0.905949999888738,16.3071,18,3.611111111111111
Penn State,Big Ten,Quarterback,0.87406250089407,6.9925,8,3.375
Penn State,Big Ten,Receiver,0.898127774397532,16.1663,18,3.6666666666666665
Penn State,Big Ten,Running Back,0.9413857119424,6.5897,7,4.142857142857143
Penn State,Big Ten,Special Teams,0.853666673103968,5.122,6,3.1666666666666665
Pittsburgh,ACC,Defensive Back,0.867700001772712,14.7509,17,3.176470588235294
Pittsburgh,ACC,Defensive Line,0.853778253430906,19.6369,23,3.0434782608695654
Pittsburgh,ACC,Linebacker,0.847691675027212,10.1723,12,2.9166666666666665
Pittsburgh,ACC,Offensive Line,0.850792311705076,11.0603,13,3
Pittsburgh,ACC,Quarterback,0.857120001316071,4.2856,5,3
Pittsburgh,ACC,Receiver,0.846284609574538,11.0017,13,3.076923076923077
Pittsburgh,ACC,Running Back,0.881137505173683,7.0491,8,3.5
Pittsburgh,ACC,Special Teams,0.829979997873306,8.2998,10,2.7
Purdue,Big Ten,Defensive Back,0.832768749445677,13.3243,16,3
Purdue,Big Ten,Defensive Line,0.832742104404851,15.8221,19,2.8421052631578947
Purdue,Big Ten,Linebacker,0.827043749392033,13.2327,16,2.875
Purdue,Big Ten,Offensive Line,0.825542104871649,15.6853,19,2.8421052631578947
Purdue,Big Ten,Quarterback,0.840816676616669,5.0449,6,2.8333333333333335
Purdue,Big Ten,Receiver,0.85130999982357,17.0262,20,3.1
Purdue,Big Ten,Running Back,0.839842847415379,5.8789,7,3
Purdue,Big Ten,Special Teams,0.818091670672099,9.8171,12,2.6666666666666665
Rice,Conference USA,Defensive Back,0.780606251209974,12.4897,16,2.125
Rice,Conference USA,Defensive Line,0.798207686497615,10.3767,13,2.4615384615384617
Rice,Conference USA,Linebacker,0.776873342196147,11.6531,15,2.2
Rice,Conference USA,Offensive Line,0.783914998173714,15.6783,20,2.25
Rice,Conference USA,Quarterback,0.794874995946884,3.1795,4,2.5
Rice,Conference USA,Receiver,0.783321423189981,10.9665,14,2.2142857142857144
Rice,Conference USA,Running Back,0.795287504792213,6.3623,8,2.5
Rice,Conference USA,Special Teams,0.786916663249334,9.443,12,2.3333333333333335
Rutgers,Big Ten,Defensive Back,0.82594445016649,14.867,18,2.888888888888889
Rutgers,Big Ten,Defensive Line,0.832988884713915,14.9938,18,3
Rutgers,Big Ten,Linebacker,0.834416667620341,10.013,12,2.9166666666666665
Rutgers,Big Ten,Offensive Line,0.834626310750058,15.8579,19,2.8947368421052633
Rutgers,Big Ten,Quarterback,0.854428572314126,5.981,7,3
Rutgers,Big Ten,Receiver,0.833819045906975,17.5102,21,2.9047619047619047
Rutgers,Big Ten,Running Back,0.837928567613874,5.8655,7,2.857142857142857
Rutgers,Big Ten,Special Teams,0.837230014801025,8.3723,10,2.9
San Diego State,Mountain West,Defensive Back,0.814969246204083,10.5946,13,2.6923076923076925
San Diego State,Mountain West,Defensive Line,0.800800001621246,12.012,15,2.6
San Diego State,Mountain West,Linebacker,0.81521667043368,9.7826,12,2.75
San Diego State,Mountain West,Offensive Line,0.80862500667572,16.1725,20,2.65
San Diego State,Mountain West,Quarterback,0.810466676950455,4.8628,6,2.6666666666666665
San Diego State,Mountain West,Receiver,0.81774285861424,17.1726,21,2.6666666666666665
San Diego State,Mountain West,Running Back,0.836411105261909,7.5277,9,3
San Diego State,Mountain West,Special Teams,0.816830009222031,8.1683,10,2.7
San José State,Mountain West,Defensive Back,0.814287502318621,13.0286,16,2.8125
San José State,Mountain West,Defensive Line,0.796824999153614,12.7492,16,2.4375
San José State,Mountain West,Linebacker,0.788606667518616,11.8291,15,2.4
San José State,Mountain West,Offensive Line,0.802166672547658,12.0325,15,2.6666666666666665
San José State,Mountain West,Quarterback,0.806042858532497,5.6423,7,2.7142857142857144
San José State,Mountain West,Receiver,0.802884615384615,20.875,26,2.6538461538461537
San José State,Mountain West,Running Back,0.794770002365112,7.9477,10,2.5
San José State,Mountain West,Special Teams,0.795249998569489,4.7715,6,2.6666666666666665
SMU,American Athletic,Defensive Back,0.799915382495293,10.3989,13,2.4615384615384617
SMU,American Athletic,Defensive Line,0.808878566537585,11.3243,14,2.7142857142857144
SMU,American Athletic,Linebacker,0.806679999828339,12.1002,15,2.533333333333333
SMU,American Athletic,Offensive Line,0.825400003365108,11.5556,14,2.857142857142857
SMU,American Athletic,Quarterback,0.838249996304512,3.353,4,3
SMU,American Athletic,Receiver,0.826838887400097,14.8831,18,2.7777777777777777
SMU,American Athletic,Running Back,0.817920005321503,4.0896,5,2.8
SMU,American Athletic,Special Teams,0.824163631959395,9.0658,11,2.7272727272727275
South Alabama,Sun Belt,Defensive Back,0.796935298863579,13.5479,17,2.411764705882353
South Alabama,Sun Belt,Defensive Line,0.788379997014999,7.8838,10,2.3
South Alabama,Sun Belt,Linebacker,0.804554549130526,8.8501,11,2.5454545454545454
South Alabama,Sun Belt,Offensive Line,0.785341178669649,13.3508,17,2.411764705882353
South Alabama,Sun Belt,Quarterback,0.789500017960866,2.3685,3,2.3333333333333335
South Alabama,Sun Belt,Receiver,0.79238889614741,7.1315,9,2.2222222222222223
South Alabama,Sun Belt,Running Back,0.794142867837633,5.559,7,2.4285714285714284
South Alabama,Sun Belt,Special Teams,0.771099999547005,9.2532,12,2.0833333333333335
South Carolina,SEC,Defensive Back,0.876499999971951,14.9005,17,3.235294117647059
South Carolina,SEC,Defensive Line,0.883980952558063,18.5636,21,3.4285714285714284
South Carolina,SEC,Linebacker,0.863376920039837,11.2239,13,3.1538461538461537
South Carolina,SEC,Offensive Line,0.863617391689964,19.8632,23,3.130434782608696
South Carolina,SEC,Quarterback,0.909333328406016,5.456,6,3.6666666666666665
South Carolina,SEC,Receiver,0.870954993367195,17.4191,20,3.15
South Carolina,SEC,Running Back,0.870171419211796,6.0912,7,3
South Carolina,SEC,Special Teams,0.873885708195823,6.1172,7,3.4285714285714284
Southern Mississippi,Conference USA,Defensive Back,0.806933343410492,9.6832,12,2.5
Southern Mississippi,Conference USA,Defensive Line,0.80100833872954,9.6121,12,2.5833333333333335
Southern Mississippi,Conference USA,Linebacker,0.814640003442764,8.1464,10,2.8
Southern Mississippi,Conference USA,Offensive Line,0.806429417694316,13.7093,17,2.5294117647058822
Southern Mississippi,Conference USA,Quarterback,0.826112508773804,6.6089,8,3
Southern Mississippi,Conference USA,Receiver,0.808111111323039,7.273,9,2.444444444444444
Southern Mississippi,Conference USA,Running Back,0.810028570038932,5.6702,7,2.7142857142857144
Southern Mississippi,Conference USA,Special Teams,0.777655555142297,6.9989,9,2.111111111111111
South Florida,American Athletic,Defensive Back,0.833705005049705,16.6741,20,2.95
South Florida,American Athletic,Defensive Line,0.82744375243783,13.2391,16,2.8125
South Florida,American Athletic,Linebacker,0.826488892237345,7.4384,9,2.888888888888889
South Florida,American Athletic,Offensive Line,0.832011762787314,14.1442,17,2.8823529411764706
South Florida,American Athletic,Quarterback,0.836399984359741,4.182,5,3
South Florida,American Athletic,Receiver,0.837037492543459,13.3926,16,3.0625
South Florida,American Athletic,Running Back,0.823449999094009,4.9407,6,2.8333333333333335
South Florida,American Athletic,Special Teams,0.827350005507469,3.3094,4,2.75
Stanford,Pac-12,Defensive Back,0.87336189973922,18.3406,21,3.238095238095238
Stanford,Pac-12,Defensive Line,0.877217639895046,14.9127,17,3.3529411764705883
Stanford,Pac-12,Linebacker,0.879162490367889,7.0333,8,3.25
Stanford,Pac-12,Offensive Line,0.886373679888876,16.8411,19,3.4210526315789473
Stanford,Pac-12,Quarterback,0.96340000629425,3.8536,4,4.25
Stanford,Pac-12,Receiver,0.893018744885921,14.2883,16,3.375
Stanford,Pac-12,Running Back,0.872881818901409,9.6017,11,3.2727272727272725
Stanford,Pac-12,Special Teams,0.840662501752377,6.7253,8,3.125
Syracuse,ACC,Defensive Back,0.843774995207787,16.8755,20,2.95
Syracuse,ACC,Defensive Line,0.83425000039014,18.3535,22,2.9545454545454546
Syracuse,ACC,Linebacker,0.84999999829701,11.9,14,3
Syracuse,ACC,Offensive Line,0.835514995455742,16.7103,20,2.95
Syracuse,ACC,Quarterback,0.865966667731603,5.1958,6,3.1666666666666665
Syracuse,ACC,Receiver,0.833535705293928,11.6695,14,2.857142857142857
Syracuse,ACC,Running Back,0.834839999675751,8.3484,10,2.9
Syracuse,ACC,Special Teams,0.848566677835253,7.6371,9,3.111111111111111
TCU,Big 12,Defensive Back,0.861184211153733,16.3625,19,3.1052631578947367
TCU,Big 12,Defensive Line,0.869222223758698,15.646,18,3.1666666666666665
TCU,Big 12,Linebacker,0.858859997987747,8.5886,10,3
TCU,Big 12,Offensive Line,0.863980007171631,12.9597,15,3.1333333333333333
TCU,Big 12,Quarterback,0.917400002479553,3.6696,4,3.75
TCU,Big 12,Receiver,0.876393330097198,13.1459,15,3.2666666666666666
TCU,Big 12,Running Back,0.894400000572205,3.5776,4,3.5
TCU,Big 12,Special Teams,0.853646663824717,12.8047,15,3
Temple,American Athletic,Defensive Back,0.809982352397021,13.7697,17,2.5294117647058822
Temple,American Athletic,Defensive Line,0.80365910042416,17.6805,22,2.5454545454545454
Temple,American Athletic,Linebacker,0.814137503504753,6.5131,8,3
Temple,American Athletic,Offensive Line,0.803938895463943,14.4709,18,2.6666666666666665
Temple,American Athletic,Quarterback,0.839240002632141,4.1962,5,2.8
Temple,American Athletic,Receiver,0.800791310227436,18.4182,23,2.5652173913043477
Temple,American Athletic,Running Back,0.820354553786191,9.0239,11,2.8181818181818183
Temple,American Athletic,Special Teams,0.797172730619257,8.7689,11,2.7272727272727275
Tennessee,SEC,Defensive Back,0.879395237990788,18.4673,21,3.2857142857142856
Tennessee,SEC,Defensive Line,0.895099997520447,17.0069,19,3.526315789473684
Tennessee,SEC,Linebacker,0.899424999952316,10.7931,12,3.5
Tennessee,SEC,Offensive Line,0.900489477734817,17.1093,19,3.5789473684210527
Tennessee,SEC,Quarterback,0.877487502992153,7.0199,8,3.375
Tennessee,SEC,Receiver,0.867984995245934,17.3597,20,3.15
Tennessee,SEC,Running Back,0.863822215133243,7.7744,9,3.2222222222222223
Tennessee,SEC,Special Teams,0.862333332498868,10.348,12,3.1666666666666665
Texas,Big 12,Defensive Back,0.932455006241798,18.6491,20,3.9
Texas,Big 12,Defensive Line,0.887522719123147,19.5255,22,3.4545454545454546
Texas,Big 12,Linebacker,0.921630772260519,11.9812,13,3.6923076923076925
Texas,Big 12,Offensive Line,0.898263156414032,17.067,19,3.5789473684210527
Texas,Big 12,Quarterback,0.905533343553543,5.4332,6,3.8333333333333335
Texas,Big 12,Receiver,0.910819045134953,19.1272,21,3.619047619047619
Texas,Big 12,Running Back,0.910914284842355,6.3764,7,3.7142857142857144
Texas,Big 12,Special Teams,0.883676927823287,11.4878,13,3.5384615384615383
Texas A&M,SEC,Defensive Back,0.912594115032869,15.5141,17,3.6470588235294117
Texas A&M,SEC,Defensive Line,0.902709990739822,18.0542,20,3.65
Texas A&M,SEC,Linebacker,0.875923528390772,14.8907,17,3.235294117647059
Texas A&M,SEC,Offensive Line,0.887476191634224,18.637,21,3.4761904761904763
Texas A&M,SEC,Quarterback,0.889157141957964,6.2241,7,3.4285714285714284
Texas A&M,SEC,Receiver,0.911682610926421,20.9687,23,3.6521739130434785
Texas A&M,SEC,Running Back,0.885055555237664,7.9655,9,3.444444444444444
Texas A&M,SEC,Special Teams,0.842400014400482,8.424,10,3
Texas State,Sun Belt,Defensive Back,0.794250008132723,14.2965,18,2.388888888888889
Texas State,Sun Belt,Defensive Line,0.781960001587868,15.6392,20,2.25
Texas State,Sun Belt,Linebacker,0.795325003564358,6.3626,8,2.5
Texas State,Sun Belt,Offensive Line,0.778052947100471,13.2269,17,2.0588235294117645
Texas State,Sun Belt,Quarterback,0.801759994029999,4.0088,5,2.4
Texas State,Sun Belt,Receiver,0.794209095564755,8.7363,11,2.3636363636363638
Texas State,Sun Belt,Running Back,0.794771424361638,5.5634,7,2.4285714285714284
Texas State,Sun Belt,Special Teams,0.797190915454518,8.7691,11,2.6363636363636362
Texas Tech,Big 12,Defensive Back,0.845255553722382,7.6073,9,3
Texas Tech,Big 12,Defensive Line,0.844121426343918,11.8177,14,3.0714285714285716
Texas Tech,Big 12,Linebacker,0.837810003757477,8.3781,10,3
Texas Tech,Big 12,Offensive Line,0.845734782840895,19.4519,23,3.130434782608696
Texas Tech,Big 12,Quarterback,0.864500015974045,3.458,4,3
Texas Tech,Big 12,Receiver,0.854123529265909,14.5201,17,3.176470588235294
Texas Tech,Big 12,Running Back,0.851733326911926,5.1104,6,3.1666666666666665
Texas Tech,Big 12,Special Teams,0.848300000031789,2.5449,3,3
Toledo,Mid-American,Defensive Back,0.803856249898672,12.8617,16,2.625
Toledo,Mid-American,Defensive Line,0.81010000194822,17.0121,21,2.6666666666666665
Toledo,Mid-American,Linebacker,0.827090001106262,8.2709,10,2.9
Toledo,Mid-American,Offensive Line,0.81632630762301,15.5102,19,2.8947368421052633
Toledo,Mid-American,Quarterback,0.835199999809265,4.176,5,3
Toledo,Mid-American,Receiver,0.812887502213319,19.5093,24,2.625
Toledo,Mid-American,Running Back,0.805540007352829,8.0554,10,2.6
Toledo,Mid-American,Special Teams,0.80867999792099,8.0868,10,2.5
Troy,Sun Belt,Defensive Back,0.803584621502803,10.4466,13,2.4615384615384617
Troy,Sun Belt,Defensive Line,0.804653330643972,12.0698,15,2.466666666666667
Troy,Sun Belt,Linebacker,0.811781818216497,8.9296,11,2.6363636363636362
Troy,Sun Belt,Offensive Line,0.791381254792213,12.6621,16,2.375
Troy,Sun Belt,Quarterback,0.802071443625859,5.6145,7,2.5714285714285716
Troy,Sun Belt,Receiver,0.79284999200276,11.0999,14,2.357142857142857
Troy,Sun Belt,Running Back,0.800220000743866,4.0011,5,2.6
Troy,Sun Belt,Special Teams,0.790942864758628,5.5366,7,2.2857142857142856
Tulane,American Athletic,Defensive Back,0.804247825042061,18.4977,23,2.5217391304347827
Tulane,American Athletic,Defensive Line,0.815742103677047,15.4991,19,2.6842105263157894
Tulane,American Athletic,Linebacker,0.807844446765052,7.2706,9,2.6666666666666665
Tulane,American Athletic,Offensive Line,0.799438467392555,10.3927,13,2.4615384615384617
Tulane,American Athletic,Quarterback,0.792999997735023,3.172,4,2.25
Tulane,American Athletic,Receiver,0.803962510079145,12.8634,16,2.5
Tulane,American Athletic,Running Back,0.804237507283688,6.4339,8,2.375
Tulane,American Athletic,Special Teams,0.803787495940924,12.8606,16,2.4375
Tulsa,American Athletic,Defensive Back,0.796100005507469,9.5532,12,2.3333333333333335
Tulsa,American Athletic,Defensive Line,0.800684621700874,10.4089,13,2.3846153846153846
Tulsa,American Athletic,Linebacker,0.793323081273299,10.3132,13,2.4615384615384617
Tulsa,American Athletic,Offensive Line,0.794053332010905,11.9108,15,2.4
Tulsa,American Athletic,Quarterback,0.810459995269775,4.0523,5,2.6
Tulsa,American Athletic,Receiver,0.806782354326809,13.7153,17,2.5294117647058822
Tulsa,American Athletic,Running Back,0.805974990129471,3.2239,4,2.5
Tulsa,American Athletic,Special Teams,0.800300002098083,9.6036,12,2.5833333333333335
UAB,Conference USA,Defensive Back,0.796811773496516,13.5458,17,2.4705882352941178
UAB,Conference USA,Defensive Line,0.809660005569458,4.0483,5,2.8
UAB,Conference USA,Linebacker,0.817950010299683,4.9077,6,2.6666666666666665
UAB,Conference USA,Offensive Line,0.797220003604889,3.9861,5,2.2
UAB,Conference USA,Quarterback,0.80414000749588,4.0207,5,2.8
UAB,Conference USA,Receiver,0.79261428969247,5.5483,7,2.2857142857142856
UAB,Conference USA,Running Back,0.778500005602837,3.114,4,2.25
UAB,Conference USA,Special Teams,0.781499981880188,0.7815,1,2
UCF,American Athletic,Defensive Back,0.840276929048391,10.9236,13,3
UCF,American Athletic,Defensive Line,0.838810002803802,16.7762,20,2.95
UCF,American Athletic,Linebacker,0.82506428871836,11.5509,14,2.7857142857142856
UCF,American Athletic,Offensive Line,0.831868749111891,13.3099,16,2.9375
UCF,American Athletic,Quarterback,0.827880001068115,4.1394,5,2.8
UCF,American Athletic,Receiver,0.841024999817212,10.0923,12,2.9166666666666665
UCF,American Athletic,Running Back,0.852257141045162,5.9658,7,3.142857142857143
UCF,American Athletic,Special Teams,0.808666676282883,4.852,6,2.8333333333333335
UCLA,Pac-12,Defensive Back,0.882468424345318,16.7669,19,3.3684210526315788
UCLA,Pac-12,Defensive Line,0.882389470150596,16.7654,19,3.3684210526315788
UCLA,Pac-12,Linebacker,0.878755556212531,7.9088,9,3.444444444444444
UCLA,Pac-12,Offensive Line,0.875852391833351,18.3929,21,3.3333333333333335
UCLA,Pac-12,Quarterback,0.868137501180172,6.9451,8,3.25
UCLA,Pac-12,Receiver,0.889852948048536,15.1275,17,3.4705882352941178
UCLA,Pac-12,Running Back,0.869690905917775,9.5666,11,3.1818181818181817
UCLA,Pac-12,Special Teams,0.821223066403316,10.6759,13,2.6923076923076925
UMass,FBS Independents,Defensive Back,0.78188420283167,14.8558,19,2.210526315789474
UMass,FBS Independents,Defensive Line,0.789163156559593,14.9941,19,2.3157894736842106
UMass,FBS Independents,Linebacker,0.785718180916526,8.6429,11,2.3636363636363638
UMass,FBS Independents,Offensive Line,0.792066669464111,11.881,15,2.2
UMass,FBS Independents,Quarterback,0.782300010323524,3.1292,4,2.25
UMass,FBS Independents,Receiver,0.791938469960139,10.2952,13,2.4615384615384617
UMass,FBS Independents,Running Back,0.801433324813843,4.8086,6,2.5
UMass,FBS Independents,Special Teams,0.794707692586459,10.3312,13,2.4615384615384617
UNLV,Mountain West,Defensive Back,0.785136369141665,8.6365,11,2.3636363636363638
UNLV,Mountain West,Defensive Line,0.802516664067904,9.6302,12,2.5833333333333335
UNLV,Mountain West,Linebacker,0.803190010786057,8.0319,10,2.6
UNLV,Mountain West,Offensive Line,0.789371426616396,11.0512,14,2.2142857142857144
UNLV,Mountain West,Quarterback,0.830000007152557,4.15,5,3
UNLV,Mountain West,Receiver,0.797235296053045,13.553,17,2.588235294117647
UNLV,Mountain West,Running Back,0.799816677967707,4.7989,6,2.5
UNLV,Mountain West,Special Teams,0.794200003147125,0.7942,1,2
USC,Pac-12,Defensive Back,0.924885001778603,18.4977,20,3.8
USC,Pac-12,Defensive Line,0.917563159214823,17.4337,19,3.789473684210526
USC,Pac-12,Linebacker,0.914244446489546,16.4564,18,3.7222222222222223
USC,Pac-12,Offensive Line,0.910405884770786,15.4769,17,3.7058823529411766
USC,Pac-12,Quarterback,0.929983347654343,5.5799,6,3.8333333333333335
USC,Pac-12,Receiver,0.920247611545381,19.3252,21,3.7142857142857144
USC,Pac-12,Running Back,0.918742852551596,6.4312,7,3.7142857142857144
USC,Pac-12,Special Teams,0.876214291368212,6.1335,7,3.142857142857143
Utah,Pac-12,Defensive Back,0.85272143142564,11.9381,14,3.0714285714285716
Utah,Pac-12,Defensive Line,0.856007141726358,11.9841,14,3.0714285714285716
Utah,Pac-12,Linebacker,0.842833350102107,5.057,6,2.8333333333333335
Utah,Pac-12,Offensive Line,0.855834996700287,17.1167,20,3.05
Utah,Pac-12,Quarterback,0.865375012159348,3.4615,4,3.25
Utah,Pac-12,Receiver,0.855810526170229,16.2604,19,3.0526315789473686
Utah,Pac-12,Running Back,0.84324545210058,9.2757,11,3
Utah,Pac-12,Special Teams,0.819660001993179,8.1966,10,2.7
Utah State,Mountain West,Defensive Back,0.777007145541055,10.8781,14,2.2142857142857144
Utah State,Mountain West,Defensive Line,0.789324998855591,6.3146,8,2.5
Utah State,Mountain West,Linebacker,0.801160009702047,12.0174,15,2.6
Utah State,Mountain West,Offensive Line,0.797244446145164,14.3504,18,2.5
Utah State,Mountain West,Quarterback,0.808812513947487,6.4705,8,2.75
Utah State,Mountain West,Receiver,0.803321429661342,11.2465,14,2.642857142857143
Utah State,Mountain West,Running Back,0.797200000286102,3.986,5,2.4
Utah State,Mountain West,Special Teams,0.802914295877729,5.6204,7,2.5714285714285716
UTEP,Conference USA,Defensive Back,0.768777781062656,6.919,9,2.111111111111111
UTEP,Conference USA,Defensive Line,0.772856528344362,17.7757,23,2.1739130434782608
UTEP,Conference USA,Linebacker,0.768638459535745,9.9923,13,2.076923076923077
UTEP,Conference USA,Offensive Line,0.761673335234324,11.4251,15,2
UTEP,Conference USA,Quarterback,0.789600014686584,3.948,5,2.2
UTEP,Conference USA,Receiver,0.768199998598832,9.9866,13,2.076923076923077
UTEP,Conference USA,Running Back,0.788830006122589,7.8883,10,2.4
UTEP,Conference USA,Special Teams,0.7700375020504,6.1603,8,2.125
UT San Antonio,Conference USA,Defensive Back,0.813370585441589,13.8273,17,2.823529411764706
UT San Antonio,Conference USA,Defensive Line,0.798906672000885,11.9836,15,2.533333333333333
UT San Antonio,Conference USA,Linebacker,0.803800022602081,4.019,5,2.4
UT San Antonio,Conference USA,Offensive Line,0.797566662232081,9.5708,12,2.4166666666666665
UT San Antonio,Conference USA,Quarterback,0.807939994335175,4.0397,5,3
UT San Antonio,Conference USA,Receiver,0.806864713921266,13.7167,17,2.588235294117647
UT San Antonio,Conference USA,Running Back,0.811249986290932,6.49,8,2.75
UT San Antonio,Conference USA,Special Teams,0.801337495446205,6.4107,8,2.5
Vanderbilt,SEC,Defensive Back,0.856316662496991,15.4137,18,3.111111111111111
Vanderbilt,SEC,Defensive Line,0.83018461557535,10.7924,13,2.769230769230769
Vanderbilt,SEC,Linebacker,0.849358335137367,10.1923,12,3
Vanderbilt,SEC,Offensive Line,0.845526321938163,16.065,19,3
Vanderbilt,SEC,Quarterback,0.875625014305115,3.5025,4,3.25
Vanderbilt,SEC,Receiver,0.84721052646637,16.097,19,3.1052631578947367
Vanderbilt,SEC,Running Back,0.844857147761754,5.914,7,3
Vanderbilt,SEC,Special Teams,0.818414287907737,5.7289,7,2.7142857142857144
Virginia,ACC,Defensive Back,0.827249999557223,11.5815,14,2.857142857142857
Virginia,ACC,Defensive Line,0.8397624976933,13.4362,16,3.0625
Virginia,ACC,Linebacker,0.847847614969526,17.8048,21,3.0476190476190474
Virginia,ACC,Offensive Line,0.836480949606214,17.5661,21,3
Virginia,ACC,Quarterback,0.848685715879713,5.9408,7,3
Virginia,ACC,Receiver,0.839625003933907,16.7925,20,2.95
Virginia,ACC,Running Back,0.845371433666774,5.9176,7,3
Virginia,ACC,Special Teams,0.839959996938705,8.3996,10,2.9
Virginia Tech,ACC,Defensive Back,0.871906658013662,13.0786,15,3.1333333333333333
Virginia Tech,ACC,Defensive Line,0.854850000143051,17.097,20,3.05
Virginia Tech,ACC,Linebacker,0.869092313142923,11.2982,13,3.3076923076923075
Virginia Tech,ACC,Offensive Line,0.856099996301863,15.4098,18,3.1666666666666665
Virginia Tech,ACC,Quarterback,0.88063999414444,4.4032,5,3.6
Virginia Tech,ACC,Receiver,0.866988227647894,14.7388,17,3.176470588235294
Virginia Tech,ACC,Running Back,0.860171428748539,6.0212,7,3.142857142857143
Virginia Tech,ACC,Special Teams,0.868852941428914,14.7705,17,3.235294117647059
Wake Forest,ACC,Defensive Back,0.839282351381638,14.2678,17,3
Wake Forest,ACC,Defensive Line,0.83729499578476,16.7459,20,2.9
Wake Forest,ACC,Linebacker,0.837066665291786,10.0448,12,3
Wake Forest,ACC,Offensive Line,0.829150002449751,13.2664,16,2.75
Wake Forest,ACC,Quarterback,0.85413333773613,5.1248,6,3
Wake Forest,ACC,Receiver,0.837168176065792,18.4177,22,3
Wake Forest,ACC,Running Back,0.835500008530087,7.5195,9,2.888888888888889
Wake Forest,ACC,Special Teams,0.818209095434709,9.0003,11,2.909090909090909
Washington,Pac-12,Defensive Back,0.893835295649136,15.1952,17,3.588235294117647
Washington,Pac-12,Defensive Line,0.889505555232366,16.0111,18,3.5
Washington,Pac-12,Linebacker,0.865144991874695,17.3029,20,3.2
Washington,Pac-12,Offensive Line,0.872388240169076,14.8306,17,3.4705882352941178
Washington,Pac-12,Quarterback,0.917700002590815,5.5062,6,3.6666666666666665
Washington,Pac-12,Receiver,0.883688235984129,15.0227,17,3.3529411764705883
Washington,Pac-12,Running Back,0.892299999793371,5.3538,6,3.5
Washington,Pac-12,Special Teams,0.837050002813339,8.3705,10,3
Washington State,Pac-12,Defensive Back,0.842912498861551,13.4866,16,3
Washington State,Pac-12,Defensive Line,0.828631576738859,15.744,19,2.8421052631578947
Washington State,Pac-12,Linebacker,0.83537692290086,10.8599,13,2.923076923076923
Washington State,Pac-12,Offensive Line,0.831699995994568,20.7925,25,2.8
Washington State,Pac-12,Quarterback,0.870800018310547,3.4832,4,3.25
Washington State,Pac-12,Receiver,0.847392316047962,22.0322,26,3.0384615384615383
Washington State,Pac-12,Running Back,0.839342849595206,5.8754,7,2.857142857142857
Washington State,Pac-12,Special Teams,0.806163630702279,8.8678,11,2.8181818181818183
Western Kentucky,Conference USA,Defensive Back,0.805206254124641,12.8833,16,2.5
Western Kentucky,Conference USA,Defensive Line,0.809168420339886,15.3742,19,2.789473684210526
Western Kentucky,Conference USA,Linebacker,0.812971430165427,5.6908,7,2.857142857142857
Western Kentucky,Conference USA,Offensive Line,0.792655554082659,14.2678,18,2.3333333333333335
Western Kentucky,Conference USA,Quarterback,0.821700006723404,3.2868,4,2.5
Western Kentucky,Conference USA,Receiver,0.806739997863769,16.1348,20,2.65
Western Kentucky,Conference USA,Running Back,0.802975006401539,6.4238,8,2.5
Western Kentucky,Conference USA,Special Teams,0.788457150970187,11.0384,14,2.357142857142857
Western Michigan,Mid-American,Defensive Back,0.810972226990594,14.5975,18,2.7222222222222223
Western Michigan,Mid-American,Defensive Line,0.797741181710187,13.5616,17,2.4705882352941178
Western Michigan,Mid-American,Linebacker,0.808986663818359,12.1348,15,2.6666666666666665
Western Michigan,Mid-American,Offensive Line,0.816572219133377,14.6983,18,2.7222222222222223
Western Michigan,Mid-American,Quarterback,0.831566661596298,4.9894,6,2.8333333333333335
Western Michigan,Mid-American,Receiver,0.81268000125885,20.317,25,2.68
Western Michigan,Mid-American,Running Back,0.824644446372986,7.4218,9,2.7777777777777777
Western Michigan,Mid-American,Special Teams,0.806825002034505,9.6819,12,2.5
West Virginia,Big 12,Defensive Back,0.855699998490951,14.5469,17,3.1176470588235294
West Virginia,Big 12,Defensive Line,0.847750003139178,10.173,12,3
West Virginia,Big 12,Linebacker,0.85304285798754,5.9713,7,3.142857142857143
West Virginia,Big 12,Offensive Line,0.851231247186661,13.6197,16,3
West Virginia,Big 12,Quarterback,0.860520005226135,4.3026,5,3
West Virginia,Big 12,Receiver,0.862857150179999,12.08,14,3.142857142857143
West Virginia,Big 12,Running Back,0.850299996989114,5.9521,7,3
West Virginia,Big 12,Special Teams,0.847158337632815,10.1659,12,3
Wisconsin,Big Ten,Defensive Back,0.842620000243187,16.8524,20,2.9
Wisconsin,Big Ten,Defensive Line,0.83887894843754,15.9387,19,2.8421052631578947
Wisconsin,Big Ten,Linebacker,0.853028578417642,11.9424,14,3.0714285714285716
Wisconsin,Big Ten,Offensive Line,0.863414291824613,12.0878,14,3.0714285714285716
Wisconsin,Big Ten,Quarterback,0.848011102941301,7.6321,9,3
Wisconsin,Big Ten,Receiver,0.839961914789109,17.6392,21,2.8095238095238093
Wisconsin,Big Ten,Running Back,0.860957145690918,6.0267,7,2.857142857142857
Wisconsin,Big Ten,Special Teams,0.823187507688999,13.171,16,2.75
Wyoming,Mountain West,Defensive Back,0.780294999480247,15.6059,20,2.2
Wyoming,Mountain West,Defensive Line,0.791680006186167,11.8752,15,2.2666666666666666
Wyoming,Mountain West,Linebacker,0.772909998893738,7.7291,10,2.1
Wyoming,Mountain West,Offensive Line,0.779684616969182,10.1359,13,2.230769230769231
Wyoming,Mountain West,Quarterback,0.808316677808762,4.8499,6,2.6666666666666665
Wyoming,Mountain West,Receiver,0.791739126910334,18.21,23,2.4347826086956523
Wyoming,Mountain West,Running Back,0.78542999625206,7.8543,10,2.3
Wyoming,Mountain West,Special Teams,0.791953337192535,11.8793,15,2.2666666666666666
Air Force,Mountain West,All Positions,0.77366684219945,153.96,199,2.1658291457286434
Akron,Mid-American,All Positions,0.779547440700042,60.8047,78,2.1794871794871793
Alabama,SEC,All Positions,0.933250396270452,118.523,127,3.952755905511811
Appalachian State,Sun Belt,All Positions,0.792726473481047,80.8581,102,2.4215686274509802
Arizona,Pac-12,All Positions,0.844790906617136,83.6343,99,2.98989898989899
Arizona State,Pac-12,All Positions,0.866923405134931,81.4908,94,3.1808510638297873
Arkansas,SEC,All Positions,0.865255556045434,101.235,117,3.2222222222222223
Arkansas State,Sun Belt,All Positions,0.800326319117295,60.8248,76,2.513157894736842
Army,FBS Independents,All Positions,0.774151106068141,177.281,229,2.1266375545851526
Auburn,SEC,All Positions,0.901989072811704,107.337,119,3.6470588235294117
Ball State,Mid-American,All Positions,0.790750002058653,82.238,104,2.3846153846153846
Baylor,Big 12,All Positions,0.856429810134264,89.0687,104,3.0673076923076925
Boise State,Mountain West,All Positions,0.834713332993644,87.6449,105,2.9714285714285715
Boston College,ACC,All Positions,0.833621697605781,88.3639,106,2.905660377358491
Bowling Green,Mid-American,All Positions,0.793798004984856,79.3798,100,2.4
Buffalo,Mid-American,All Positions,0.787944579698953,65.3994,83,2.325301204819277
BYU,FBS Independents,All Positions,0.817763161240962,93.225,114,2.719298245614035
California,Pac-12,All Positions,0.85185306352012,83.4816,98,3.0408163265306123
Central Michigan,Mid-American,All Positions,0.79401287525007,80.1953,101,2.405940594059406
Charlotte,Conference USA,All Positions,0.786301408855008,55.8274,71,2.2535211267605635
Cincinnati,American Athletic,All Positions,0.832137256276374,84.878,102,2.911764705882353
Clemson,ACC,All Positions,0.906546364047311,99.7201,110,3.6363636363636362
Coastal Carolina,Sun Belt,All Positions,0.772152780382722,83.3925,108,2.148148148148148
Colorado,Pac-12,All Positions,0.847272224558724,76.2545,90,3.022222222222222
Colorado State,Mountain West,All Positions,0.813691011975321,72.4185,89,2.741573033707865
Connecticut,American Athletic,All Positions,0.797476702523463,82.1401,103,2.5048543689320386
Duke,ACC,All Positions,0.85203495303404,87.7596,103,3.0485436893203883
East Carolina,American Athletic,All Positions,0.814110468986422,70.0135,86,2.697674418604651
Eastern Michigan,Mid-American,All Positions,0.781644899017957,76.6012,98,2.295918367346939
Florida,SEC,All Positions,0.893484211281726,101.857,114,3.482456140350877
Florida Atlantic,Conference USA,All Positions,0.816387878523933,80.8224,99,2.696969696969697
Florida International,Conference USA,All Positions,0.803825960709499,83.5979,104,2.5
Florida State,ACC,All Positions,0.913619441014749,98.6709,108,3.7037037037037037
Fresno State,Mountain West,All Positions,0.808605749031593,70.3487,87,2.655172413793103
Georgia,SEC,All Positions,0.919220474761302,116.741,127,3.8346456692913384
Georgia Southern,Sun Belt,All Positions,0.799088500242318,90.297,113,2.4601769911504423
Georgia State,Sun Belt,All Positions,0.793632972371447,72.2206,91,2.3846153846153846
Georgia Tech,ACC,All Positions,0.844273684317606,96.2472,114,2.982456140350877
Hawai'i,Mountain West,All Positions,0.794117724593682,62.7353,79,2.481012658227848
Houston,American Athletic,All Positions,0.828253009951258,68.745,83,2.819277108433735
Illinois,Big Ten,All Positions,0.836673636869951,92.0341,110,2.981818181818182
Indiana,Big Ten,All Positions,0.84090967860914,104.273,124,2.9516129032258065
Iowa,Big Ten,All Positions,0.844486324196188,98.8049,117,3.0085470085470085
Iowa State,Big 12,All Positions,0.837691089304367,84.6068,101,2.9702970297029703
Kansas,Big 12,All Positions,0.815013583795524,66.0161,81,2.7160493827160495
Kansas State,Big 12,All Positions,0.832653128231565,79.9347,96,2.875
Kent State,Mid-American,All Positions,0.785196040526475,79.3048,101,2.287128712871287
Kentucky,SEC,All Positions,0.856981251920973,95.9819,112,3.1339285714285716
Liberty,FBS Independents,All Positions,0.797676672538122,23.9303,30,2.533333333333333
Louisiana,Sun Belt,All Positions,0.800478498781881,74.4445,93,2.5053763440860215
Louisiana Monroe,Sun Belt,All Positions,0.78761573520939,70.0978,89,2.3146067415730336
Louisiana Tech,Conference USA,All Positions,0.812586209554782,70.695,87,2.6436781609195403
Louisville,ACC,All Positions,0.852625533621362,80.1468,94,3.0425531914893615
LSU,SEC,All Positions,0.907955737387548,110.771,122,3.6639344262295084
Marshall,Conference USA,All Positions,0.812193280508538,96.651,119,2.630252100840336
Maryland,Big Ten,All Positions,0.855726167977413,91.5627,107,3.1121495327102804
Memphis,American Athletic,All Positions,0.812963304169681,88.613,109,2.7155963302752295
Miami,ACC,All Positions,0.886892524278053,94.8975,107,3.4299065420560746
Miami (OH),Mid-American,All Positions,0.800375002835478,89.642,112,2.517857142857143
Michigan,Big Ten,All Positions,0.894548388258103,110.924,124,3.5161290322580645
Michigan State,Big Ten,All Positions,0.864687613681354,97.7097,113,3.1238938053097347
Middle Tennessee,Conference USA,All Positions,0.801842683699073,65.7511,82,2.573170731707317
Minnesota,Big Ten,All Positions,0.831291803082482,101.418,122,2.8524590163934427
Mississippi State,SEC,All Positions,0.871529295588985,86.2814,99,3.2222222222222223
Missouri,SEC,All Positions,0.853877450321235,87.0955,102,3.0784313725490198
Navy,American Athletic,All Positions,0.781381128393874,153.151,196,2.260204081632653
NC State,ACC,All Positions,0.853063302302579,92.9839,109,3.0825688073394497
Nebraska,Big Ten,All Positions,0.874124769223939,95.2796,109,3.229357798165138
Nevada,Mountain West,All Positions,0.796374262559532,80.4338,101,2.4653465346534653
New Mexico,Mountain West,All Positions,0.794319610969693,40.5103,51,2.411764705882353
New Mexico State,FBS Independents,All Positions,0.779165384096977,60.7749,78,2.230769230769231
North Carolina,ACC,All Positions,0.866880179525496,96.2237,111,3.135135135135135
Northern Illinois,Mid-American,All Positions,0.793992794848777,88.1332,111,2.4414414414414414
North Texas,Conference USA,All Positions,0.800925883826088,68.0787,85,2.5294117647058822
Northwestern,Big Ten,All Positions,0.847905049420366,83.9426,99,2.98989898989899
Notre Dame,FBS Independents,All Positions,0.898721850218893,106.948,119,3.5630252100840334
Ohio,Mid-American,All Positions,0.790152382850647,82.966,105,2.4
Ohio State,Big Ten,All Positions,0.921556900287497,106.901,116,3.8275862068965516
Oklahoma,Big 12,All Positions,0.897675675851805,99.642,111,3.585585585585586
Oklahoma State,Big 12,All Positions,0.858551085643146,78.9867,92,3.0978260869565215
Old Dominion,Conference USA,All Positions,0.785005003213882,78.5005,100,2.21
Ole Miss,SEC,All Positions,0.879344338516019,93.2105,106,3.292452830188679
Oregon,Pac-12,All Positions,0.884462161644085,98.1753,111,3.3513513513513513
Oregon State,Pac-12,All Positions,0.835328867754985,81.0269,97,2.9690721649484537
Penn State,Big Ten,All Positions,0.897154388197681,102.276,114,3.6140350877192984
Pittsburgh,ACC,All Positions,0.854025742205063,86.2566,101,3.0495049504950495
Purdue,Big Ten,All Positions,0.833317391250444,95.8315,115,2.9043478260869566
Rice,Conference USA,All Positions,0.785775489666883,80.1491,102,2.284313725490196
Rutgers,Big Ten,All Positions,0.834470536027636,93.4607,112,2.919642857142857
San Diego State,Mountain West,All Positions,0.814085854111977,86.2931,106,2.69811320754717
San José State,Mountain West,All Positions,0.800683785129238,88.8759,111,2.6036036036036037
SMU,American Athletic,All Positions,0.816707445585981,76.7705,94,2.7021276595744683
South Alabama,Sun Belt,All Positions,0.790055817642877,67.9448,86,2.3488372093023258
South Carolina,SEC,All Positions,0.873988593879499,99.6347,114,3.245614035087719
Southern Mississippi,Conference USA,All Positions,0.80597619499479,67.702,84,2.5714285714285716
South Florida,American Athletic,All Positions,0.831403225339869,77.3205,93,2.913978494623656
Stanford,Pac-12,All Positions,0.880736534412091,91.5966,104,3.3461538461538463
Syracuse,ACC,All Positions,0.840783476311228,96.6901,115,2.9652173913043476
TCU,Big 12,All Positions,0.867546000480652,86.7546,100,3.16
Temple,American Athletic,All Positions,0.807316527159318,92.8414,115,2.6521739130434785
Tennessee,SEC,All Positions,0.882321665684382,105.879,120,3.3583333333333334
Texas,Big 12,All Positions,0.906176859682256,109.647,121,3.644628099173554
Texas A&M,SEC,All Positions,0.892566935189309,110.678,124,3.4838709677419355
Texas State,Sun Belt,All Positions,0.789719591435698,76.6028,97,2.3402061855670104
Texas Tech,Big 12,All Positions,0.847539535095525,72.8884,86,3.0930232558139537
Toledo,Mid-American,All Positions,0.812890434783438,93.4824,115,2.7043478260869565
Troy,Sun Belt,All Positions,0.799547729167071,70.3602,88,2.4545454545454546
Tulane,American Athletic,All Positions,0.805462964706951,86.99,108,2.5185185185185186
Tulsa,American Athletic,All Positions,0.799793408467219,72.7812,91,2.4615384615384617
UAB,Conference USA,All Positions,0.799048006534576,39.9524,50,2.48
UCF,American Athletic,All Positions,0.834517206556054,77.6101,93,2.924731182795699
UCLA,Pac-12,All Positions,0.873069232345646,102.149,117,3.282051282051282
UMass,FBS Independents,All Positions,0.789379999637604,78.938,100,2.33
UNLV,Mountain West,All Positions,0.7979723717037,60.6459,76,2.5
USC,Pac-12,All Positions,0.915952174559883,105.334,115,3.7130434782608694
Utah,Pac-12,All Positions,0.849898980588329,83.2901,98,3.010204081632653
Utah State,Mountain West,All Positions,0.796448319145803,70.8839,89,2.5168539325842696
UTEP,Conference USA,All Positions,0.771826044966777,74.0953,96,2.1354166666666665
UT San Antonio,Conference USA,All Positions,0.805262069592531,70.0578,87,2.6206896551724137
Vanderbilt,SEC,All Positions,0.845513133087544,83.7058,99,3
Virginia,ACC,All Positions,0.83999224058513,97.4391,116,2.9827586206896552
Virginia Tech,ACC,All Positions,0.864440176103796,96.8173,112,3.1875
Wake Forest,ACC,All Positions,0.835284955206171,94.3872,113,2.9292035398230087
Washington,Pac-12,All Positions,0.879216216168962,97.593,111,3.3963963963963963
Washington State,Pac-12,All Positions,0.835880991841151,101.142,121,2.9173553719008263
Western Kentucky,Conference USA,All Positions,0.802829247038319,85.0999,106,2.556603773584906
Western Michigan,Mid-American,All Positions,0.811685834328334,97.4023,120,2.658333333333333
West Virginia,Big 12,All Positions,0.85346111257871,76.8115,90,3.055555555555556
Wisconsin,Big Ten,All Positions,0.844085837403933,101.29,120,2.9
Wyoming,Mountain West,All Positions,0.786960715161903,88.1396,112,2.294642857142857